SEASON_YEAR,PLAYER_ID,PLAYER_NAME,NICKNAME,TEAM_ID,TEAM_ABBREVIATION,TEAM_NAME,GAME_ID,GAME_DATE,MATCHUP,WL,MIN,FGM,FGA,FG_PCT,FG3M,FG3A,FG3_PCT,FTM,FTA,FT_PCT,OREB,DREB,REB,AST,TOV,STL,BLK,BLKA,PF,PFD,PTS,PLUS_MINUS,NBA_FANTASY_PTS,DD2,TD3,WNBA_FANTASY_PTS,GP_RANK,W_RANK,L_RANK,W_PCT_RANK,MIN_RANK,FGM_RANK,FGA_RANK,FG_PCT_RANK,FG3M_RANK,FG3A_RANK,FG3_PCT_RANK,FTM_RANK,FTA_RANK,FT_PCT_RANK,OREB_RANK,DREB_RANK,REB_RANK,AST_RANK,TOV_RANK,STL_RANK,BLK_RANK,BLKA_RANK,PF_RANK,PFD_RANK,PTS_RANK,PLUS_MINUS_RANK,NBA_FANTASY_PTS_RANK,DD2_RANK,TD3_RANK,WNBA_FANTASY_PTS_RANK,AVAILABLE_FLAG,MIN_SEC
2024-25,1630169,Tyrese Haliburton,Tyrese,1610612754,IND,Indiana Pacers,0022400813,2025-02-23,IND vs. LAC,W,30.276666666666667,9,14,0.643,4,8,0.5,7,7,1.0,0,1,1,12,1,3,0,1,0,3,29,15,56.2,1,0,52.0,1,1,1,1,45,10,25,3,9,25,6,4,5,1,26,42,48,6,29,3,26,40,1,15,8,9,4,1,1,6,1,30:17
2024-25,1630169,Tyrese Haliburton,Tyrese,1610612754,IND,Indiana Pacers,0022400788,2025-02-20,IND vs. MEM,W,32.35,9,17,0.529,4,11,0.364,0,0,0.0,1,4,5,9,1,1,1,1,3,0,22,8,46.5,0,0,44.0,1,1,1,1,39,10,13,15,9,5,31,39,39,39,6,9,9,18,29,23,10,40,48,41,16,24,15,17,1,15,1,32:21
2024-25,1630169,Tyrese Haliburton,Tyrese,1610612754,IND,Indiana Pacers,0022400771,2025-02-12,IND @ WAS,W,31.76,8,18,0.444,4,8,0.5,0,0,0.0,0,2,2,7,2,1,0,0,1,1,20,-7,33.9,0,0,35.0,1,1,1,1,42,13,7,26,9,25,6,39,39,39,26,30,36,39,14,23,26,1,13,36,20,38,36,17,1,30,1,31:46
2024-25,1630169,Tyrese Haliburton,Tyrese,1610612754,IND,Indiana Pacers,0022400765,2025-02-11,IND vs. NYK,L,32.585,7,15,0.467,2,6,0.333,0,0,0.0,1,4,5,8,4,0,0,0,2,3,16,-11,30.0,0,0,31.0,1,33,33,33,37,19,19,21,31,40,32,39,39,39,6,9,9,26,3,40,26,1,35,15,33,41,41,17,1,39,1,32:35
2024-25,1630169,Tyrese Haliburton,Tyrese,1610612754,IND,Indiana Pacers,0022400742,2025-02-08,IND @ LAL,L,35.93,7,15,0.467,4,9,0.444,1,1,1.0,0,2,2,9,1,2,1,0,3,1,19,-9,42.9,0,0,40.0,1,33,33,33,17,19,19,21,9,12,16,29,32,1,26,30,36,18,29,9,10,1,48,36,21,39,25,17,1,21,1,35:56
2024-25,1630169,Tyrese Haliburton,Tyrese,1610612754,IND,Indiana Pacers,0022400733,2025-02-06,IND @ LAC,W,34.11,5,13,0.385,2,7,0.286,2,2,1.0,0,3,3,8,1,4,1,0,1,2,14,7,43.6,0,0,37.0,1,1,1,1,32,34,30,38,31,33,35,21,23,1,26,22,26,26,29,2,10,1,13,25,39,25,23,17,1,28,1,34:07
2024-25,1630169,Tyrese Haliburton,Tyrese,1610612754,IND,Indiana Pacers,0022400716,2025-02-04,IND @ POR,L,24.733333333333334,0,3,0.0,0,1,0.0,0,0,0.0,0,2,2,6,2,1,2,0,3,0,0,-23,18.4,0,0,14.0,1,33,33,33,53,53,54,53,49,54,49,39,39,39,26,30,36,44,14,23,2,1,48,41,53,49,50,17,1,51,1,24:44
2024-25,1630169,Tyrese Haliburton,Tyrese,1610612754,IND,Indiana Pacers,0022400707,2025-02-03,IND @ UTA,W,34.23833333333334,6,15,0.4,3,10,0.3,3,4,0.75,1,2,3,6,3,3,2,0,1,4,18,-4,42.6,0,0,40.0,1,1,1,1,30,26,19,34,24,7,34,18,18,31,6,30,26,44,6,3,2,1,13,7,25,35,26,17,1,21,1,34:14
2024-25,1630169,Tyrese Haliburton,Tyrese,1610612754,IND,Indiana Pacers,0022400686,2025-02-01,IND vs. ATL,W,34.97666666666667,5,12,0.417,3,6,0.5,4,5,0.8,0,4,4,9,1,2,1,0,2,4,17,5,43.3,0,0,39.0,1,1,1,1,23,34,37,32,24,40,6,15,15,30,26,9,16,18,29,9,10,1,35,7,28,27,24,17,1,24,1,34:59
2024-25,1630169,Tyrese Haliburton,Tyrese,1610612754,IND,Indiana Pacers,0022400664,2025-01-29,IND vs. DET,W,32.28333333333333,10,17,0.588,4,9,0.444,6,9,0.667,1,6,7,8,1,1,0,0,0,4,30,15,52.4,0,0,51.0,1,1,1,1,40,7,13,9,9,12,16,7,2,33,6,1,2,26,29,23,26,1,1,7,6,9,9,17,1,7,1,32:17
2024-25,1630169,Tyrese Haliburton,Tyrese,1610612754,IND,Indiana Pacers,0022400633,2025-01-25,IND @ SAS,W,28.45,11,17,0.647,6,9,0.667,0,0,0.0,1,2,3,4,1,2,2,0,1,0,28,15,48.6,0,0,49.0,1,1,1,1,51,4,13,2,3,12,1,39,39,39,6,30,26,50,29,9,2,1,13,41,9,9,12,17,1,9,1,28:27
2024-25,1630169,Tyrese Haliburton,Tyrese,1610612754,IND,Indiana Pacers,0022400621,2025-01-23,IND @ SAS,L,30.483333333333334,5,11,0.455,3,7,0.429,0,0,0.0,0,2,2,7,0,0,0,1,0,0,13,-20,25.9,0,0,25.0,1,33,33,33,44,34,39,25,24,33,24,39,39,39,26,30,36,39,49,40,26,40,1,41,41,47,45,17,1,44,1,30:29
2024-25,1630169,Tyrese Haliburton,Tyrese,1610612754,IND,Indiana Pacers,0022400588,2025-01-18,IND vs. PHI,W,32.483333333333334,4,11,0.364,1,7,0.143,0,0,0.0,1,4,5,9,5,0,0,0,2,0,9,-3,23.5,0,0,24.0,1,1,1,1,38,41,39,41,42,33,46,39,39,39,6,9,9,18,1,40,26,1,35,41,45,32,47,17,1,47,1,32:29
2024-25,1630169,Tyrese Haliburton,Tyrese,1610612754,IND,Indiana Pacers,0022400572,2025-01-16,IND @ DET,W,33.96,7,15,0.467,2,6,0.333,1,1,1.0,0,4,4,8,0,1,1,0,2,1,17,10,39.8,0,0,35.0,1,1,1,1,33,19,19,21,31,40,32,29,32,1,26,9,16,26,49,23,10,1,35,36,28,19,30,17,1,30,1,33:58
2024-25,1630169,Tyrese Haliburton,Tyrese,1610612754,IND,Indiana Pacers,0022400543,2025-01-12,IND @ CLE,W,18.5,1,5,0.2,0,2,0.0,0,0,0.0,0,1,1,5,1,1,1,0,0,0,2,-14,15.7,0,0,12.0,1,1,1,1,54,51,53,50,49,52,49,39,39,39,26,42,48,47,29,23,10,1,1,41,52,43,53,17,1,53,1,18:30
2024-25,1630169,Tyrese Haliburton,Tyrese,1610612754,IND,Indiana Pacers,0022400525,2025-01-10,IND vs. GSW,W,34.916666666666664,8,10,0.8,2,4,0.5,7,7,1.0,0,2,2,10,5,3,0,1,1,5,25,18,46.4,1,0,45.0,1,1,1,1,25,13,44,1,31,48,6,4,5,1,26,30,36,14,1,3,26,40,13,3,12,6,16,1,1,14,1,34:55
2024-25,1630169,Tyrese Haliburton,Tyrese,1610612754,IND,Indiana Pacers,0022400510,2025-01-08,IND vs. CHI,W,30.2,7,13,0.538,2,3,0.667,0,0,0.0,0,3,3,13,1,2,0,2,1,0,16,25,44.1,1,0,38.0,1,1,1,1,46,19,30,13,31,51,1,39,39,39,26,22,26,3,29,9,26,53,13,41,33,3,20,1,1,27,1,30:12
2024-25,1630169,Tyrese Haliburton,Tyrese,1610612754,IND,Indiana Pacers,0022400495,2025-01-06,IND @ BKN,W,31.916666666666668,5,12,0.417,4,7,0.571,9,9,1.0,0,2,2,8,3,1,1,0,2,5,23,10,40.4,0,0,41.0,1,1,1,1,41,34,37,32,9,33,4,1,2,1,26,30,36,26,6,23,10,1,35,3,14,19,29,17,1,19,1,31:55
2024-25,1630169,Tyrese Haliburton,Tyrese,1610612754,IND,Indiana Pacers,0022400480,2025-01-04,IND vs. PHX,W,32.833333333333336,8,19,0.421,5,12,0.417,6,7,0.857,1,4,5,8,0,2,1,0,0,5,27,13,54.0,0,0,51.0,1,1,1,1,36,13,4,31,5,4,25,7,5,24,6,9,9,26,49,9,10,1,1,3,11,15,8,17,1,7,1,32:50
2024-25,1630169,Tyrese Haliburton,Tyrese,1610612754,IND,Indiana Pacers,0022400463,2025-01-02,IND @ MIA,W,34.67333333333333,13,21,0.619,6,13,0.462,1,3,0.333,1,4,5,15,0,2,1,0,1,3,33,26,70.5,1,0,65.0,1,1,1,1,27,1,3,6,3,3,14,29,22,38,6,9,9,1,49,9,10,1,13,15,3,2,1,1,1,1,1,34:40
2024-25,1630169,Tyrese Haliburton,Tyrese,1610612754,IND,Indiana Pacers,0022400450,2024-12-31,IND vs. MIL,L,38.63333333333333,3,13,0.231,1,6,0.167,5,6,0.833,2,5,7,7,1,1,2,0,2,3,12,-6,38.9,0,0,33.0,1,33,33,33,6,45,30,48,42,40,43,12,11,27,3,7,2,39,29,23,2,1,35,15,43,36,32,17,1,37,1,38:38
2024-25,1630169,Tyrese Haliburton,Tyrese,1610612754,IND,Indiana Pacers,0022400437,2024-12-29,IND @ BOS,W,36.13333333333333,11,19,0.579,1,6,0.167,8,9,0.889,0,6,6,7,0,1,0,0,0,6,31,13,51.7,0,0,47.0,1,1,1,1,16,4,4,10,42,40,43,3,2,23,26,1,6,39,49,23,26,1,1,2,5,15,10,17,1,11,1,36:08
2024-25,1630169,Tyrese Haliburton,Tyrese,1610612754,IND,Indiana Pacers,0022400420,2024-12-27,IND @ BOS,L,29.633333333333333,6,13,0.462,3,8,0.375,4,4,1.0,0,4,4,9,2,0,0,1,0,2,19,-27,35.3,0,0,35.0,1,33,33,33,49,26,30,24,24,25,28,15,18,1,26,9,16,18,14,40,26,40,1,25,21,53,34,17,1,30,1,29:38
2024-25,1630169,Tyrese Haliburton,Tyrese,1610612754,IND,Indiana Pacers,0022400410,2024-12-26,IND vs. OKC,L,35.28333333333333,2,6,0.333,0,2,0.0,0,0,0.0,1,1,2,8,1,0,0,1,1,0,4,-13,17.4,0,0,14.0,1,33,33,33,20,48,52,42,49,52,49,39,39,39,6,42,36,26,29,40,26,40,13,41,50,42,52,17,1,51,1,35:17
2024-25,1630169,Tyrese Haliburton,Tyrese,1610612754,IND,Indiana Pacers,0022400403,2024-12-23,IND @ GSW,W,38.365,6,11,0.545,2,7,0.286,2,2,1.0,0,6,6,12,1,2,0,0,0,4,16,28,46.2,1,0,40.0,1,1,1,1,7,26,39,11,31,33,35,21,23,1,26,1,6,6,29,9,26,1,1,7,33,1,17,1,1,21,1,38:22
2024-25,1630169,Tyrese Haliburton,Tyrese,1610612754,IND,Indiana Pacers,0022400389,2024-12-22,IND @ SAC,W,30.79,5,10,0.5,4,9,0.444,0,0,0.0,1,4,5,8,1,0,0,0,0,0,14,15,31.0,0,0,31.0,1,1,1,1,43,34,44,19,9,12,16,39,39,39,6,9,9,26,29,40,26,1,1,41,39,9,39,17,1,39,1,30:47
2024-25,1630169,Tyrese Haliburton,Tyrese,1610612754,IND,Indiana Pacers,0022400369,2024-12-19,IND @ PHX,W,37.15,4,9,0.444,4,9,0.444,1,2,0.5,1,3,4,12,2,0,1,0,1,0,13,14,36.8,1,0,35.0,1,1,1,1,11,41,48,26,9,12,16,29,23,34,6,22,16,6,14,40,10,1,13,41,41,14,33,1,1,30,1,37:09
2024-25,1630169,Tyrese Haliburton,Tyrese,1610612754,IND,Indiana Pacers,0022401216,2024-12-15,IND vs. NOP,W,34.693333333333335,6,14,0.429,4,8,0.5,5,6,0.833,0,4,4,10,4,3,1,0,1,3,21,9,48.8,1,0,47.0,1,1,1,1,26,26,25,29,9,25,6,12,11,27,26,9,16,14,3,3,10,1,13,15,18,21,11,1,1,11,1,34:42
2024-25,1630169,Tyrese Haliburton,Tyrese,1610612754,IND,Indiana Pacers,0022401209,2024-12-13,IND @ PHI,W,34.525,12,23,0.522,7,15,0.467,1,1,1.0,1,2,3,11,2,1,1,0,1,2,32,21,56.1,1,0,57.0,1,1,1,1,28,2,1,17,2,2,13,29,32,1,6,30,26,11,14,23,10,1,13,25,4,4,5,1,1,4,1,34:32
2024-25,1630169,Tyrese Haliburton,Tyrese,1610612754,IND,Indiana Pacers,0022400349,2024-12-08,IND vs. CHA,L,36.85666666666667,4,10,0.4,0,4,0.0,1,2,0.5,0,2,2,8,2,0,3,0,1,3,9,-3,30.4,0,0,25.0,1,33,33,33,14,41,44,34,49,48,49,29,23,34,26,30,36,26,14,40,1,1,13,15,45,32,40,17,1,44,1,36:51
2024-25,1630169,Tyrese Haliburton,Tyrese,1610612754,IND,Indiana Pacers,0022400336,2024-12-06,IND @ CHI,W,38.16166666666667,9,17,0.529,5,9,0.556,0,0,0.0,0,4,4,8,2,2,0,1,1,1,23,5,43.8,0,0,44.0,1,1,1,1,8,10,13,15,5,12,5,39,39,39,26,9,16,26,14,9,26,40,13,36,14,27,21,17,1,15,1,38:10
2024-25,1630169,Tyrese Haliburton,Tyrese,1610612754,IND,Indiana Pacers,0022400320,2024-12-04,IND @ BKN,L,36.958333333333336,5,13,0.385,1,7,0.143,6,7,0.857,0,3,3,8,3,2,2,1,1,4,17,2,41.6,0,0,37.0,1,33,33,33,12,34,30,38,42,33,46,7,5,24,26,22,26,26,6,9,2,40,13,7,28,31,28,17,1,28,1,36:58
2024-25,1630169,Tyrese Haliburton,Tyrese,1610612754,IND,Indiana Pacers,0022400054,2024-12-03,IND @ TOR,L,39.9,10,16,0.625,4,9,0.444,6,7,0.857,1,3,4,6,3,1,0,0,2,4,30,-3,43.8,0,0,46.0,1,33,33,33,1,7,17,4,9,12,16,7,5,24,6,22,16,44,6,23,26,1,35,7,6,32,21,17,1,13,1,39:54
2024-25,1630169,Tyrese Haliburton,Tyrese,1610612754,IND,Indiana Pacers,0022400306,2024-12-01,IND @ MEM,L,36.89333333333333,3,10,0.3,2,9,0.222,0,0,0.0,1,1,2,7,2,1,0,0,0,0,8,-6,21.9,0,0,21.0,1,33,33,33,13,45,44,45,31,12,39,39,39,39,6,42,36,39,14,23,26,1,1,41,48,36,49,17,1,49,1,36:54
2024-25,1630169,Tyrese Haliburton,Tyrese,1610612754,IND,Indiana Pacers,0022400045,2024-11-29,IND vs. DET,L,29.866666666666667,8,13,0.615,3,8,0.375,0,0,0.0,0,1,1,5,2,0,0,0,0,2,19,-23,25.7,0,0,28.0,1,33,33,33,48,13,30,7,24,25,28,39,39,39,26,42,48,47,14,40,26,1,1,25,21,49,46,17,1,42,1,29:52
2024-25,1630169,Tyrese Haliburton,Tyrese,1610612754,IND,Indiana Pacers,0022400288,2024-11-27,IND vs. POR,W,38.85,8,15,0.533,5,10,0.5,7,7,1.0,2,5,7,10,3,2,0,0,2,4,28,17,54.4,1,0,54.0,1,1,1,1,4,13,19,14,5,7,6,4,5,1,3,7,2,14,6,9,26,1,35,7,9,7,7,1,1,5,1,38:51
2024-25,1630169,Tyrese Haliburton,Tyrese,1610612754,IND,Indiana Pacers,0022400279,2024-11-25,IND vs. NOP,W,35.57666666666667,12,23,0.522,9,18,0.5,1,1,1.0,0,3,3,13,2,3,0,0,1,2,34,16,64.1,1,0,65.0,1,1,1,1,18,2,1,17,1,1,6,29,32,1,26,22,26,3,14,3,26,1,13,25,2,8,2,1,1,1,1,35:35
2024-25,1630169,Tyrese Haliburton,Tyrese,1610612754,IND,Indiana Pacers,0022400272,2024-11-24,IND vs. WAS,W,34.295,7,18,0.389,5,11,0.455,2,2,1.0,3,1,4,9,3,2,0,0,3,4,21,12,42.3,0,0,43.0,1,1,1,1,29,19,7,37,5,5,15,21,23,1,1,42,16,18,6,9,26,1,48,7,18,17,27,17,1,18,1,34:18
2024-25,1630169,Tyrese Haliburton,Tyrese,1610612754,IND,Indiana Pacers,0022400029,2024-11-22,IND @ MIL,L,33.88,6,14,0.429,4,10,0.4,2,2,1.0,0,1,1,9,1,0,0,1,0,1,18,-18,31.7,0,0,32.0,1,33,33,33,34,26,25,29,9,7,26,21,23,1,26,42,48,18,29,40,26,40,1,36,25,45,38,17,1,38,1,33:53
2024-25,1630169,Tyrese Haliburton,Tyrese,1610612754,IND,Indiana Pacers,0022400254,2024-11-20,IND @ HOU,L,30.006666666666668,1,7,0.143,1,5,0.2,1,1,1.0,0,1,1,8,2,0,1,0,1,0,4,-28,18.2,0,0,16.0,1,33,33,33,47,51,51,52,42,46,41,29,32,1,26,42,48,26,14,40,10,1,13,41,50,54,51,17,1,50,1,30:00
2024-25,1630169,Tyrese Haliburton,Tyrese,1610612754,IND,Indiana Pacers,0022400247,2024-11-18,IND @ TOR,L,38.81333333333333,5,18,0.278,2,9,0.222,4,4,1.0,2,1,3,4,1,5,2,0,4,3,16,-15,45.6,0,0,39.0,1,33,33,33,5,34,7,46,31,12,39,15,18,1,3,42,26,50,29,1,2,1,52,15,33,44,18,17,1,24,1,38:49
2024-25,1630169,Tyrese Haliburton,Tyrese,1610612754,IND,Indiana Pacers,0022400235,2024-11-17,IND vs. MIA,W,37.666666666666664,4,13,0.308,3,8,0.375,5,5,1.0,1,2,3,13,0,0,2,0,2,2,16,19,45.1,1,0,39.0,1,1,1,1,9,41,30,44,24,25,28,12,15,1,6,30,26,3,49,40,2,1,35,25,33,5,19,1,1,24,1,37:40
2024-25,1630169,Tyrese Haliburton,Tyrese,1610612754,IND,Indiana Pacers,0022400009,2024-11-15,IND vs. MIA,L,28.65,7,14,0.5,4,9,0.444,0,0,0.0,1,1,2,8,1,1,0,0,1,0,18,-25,34.4,0,0,34.0,1,33,33,33,50,19,25,19,9,12,16,39,39,39,6,42,36,26,29,23,26,1,13,41,25,52,35,17,1,35,1,28:39
2024-25,1630169,Tyrese Haliburton,Tyrese,1610612754,IND,Indiana Pacers,0022400217,2024-11-13,IND @ ORL,L,39.54333333333334,3,14,0.214,2,8,0.25,1,1,1.0,0,1,1,11,4,0,0,1,1,3,9,5,22.7,0,0,23.0,1,33,33,33,3,45,25,49,31,25,37,29,32,1,26,42,48,11,3,40,26,40,13,15,45,27,48,17,1,48,1,39:33
2024-25,1630169,Tyrese Haliburton,Tyrese,1610612754,IND,Indiana Pacers,0022400203,2024-11-10,IND vs. NYK,W,35.18333333333333,11,18,0.611,4,10,0.4,9,11,0.818,0,2,2,14,2,2,0,0,1,7,35,12,62.4,1,0,59.0,1,1,1,1,21,4,7,8,9,7,26,1,1,29,26,30,36,2,14,9,26,1,13,1,1,17,3,1,1,3,1,35:11
2024-25,1630169,Tyrese Haliburton,Tyrese,1610612754,IND,Indiana Pacers,0022400184,2024-11-08,IND @ CHA,L,34.22,2,11,0.182,0,4,0.0,2,2,1.0,1,6,7,9,2,1,1,1,1,2,6,-21,31.9,0,0,26.0,1,33,33,33,31,48,39,51,49,48,49,21,23,1,6,1,2,18,14,23,10,40,13,25,49,48,37,17,1,43,1,34:13
2024-25,1630169,Tyrese Haliburton,Tyrese,1610612754,IND,Indiana Pacers,0022400170,2024-11-06,IND vs. ORL,W,36.653333333333336,6,11,0.545,3,5,0.6,2,2,1.0,0,3,3,4,1,1,0,1,4,2,17,6,28.6,0,0,29.0,1,1,1,1,15,26,39,11,24,46,3,21,23,1,26,22,26,50,29,23,26,40,52,25,28,26,43,17,1,41,1,36:39
2024-25,1630169,Tyrese Haliburton,Tyrese,1610612754,IND,Indiana Pacers,0022400165,2024-11-04,IND @ DAL,W,35.538333333333334,10,16,0.625,2,8,0.25,3,6,0.5,0,4,4,12,2,2,1,0,1,5,25,9,54.8,1,0,49.0,1,1,1,1,19,7,17,4,31,25,37,18,11,34,26,9,16,6,14,9,10,1,13,3,12,21,6,1,1,9,1,35:32
2024-25,1630169,Tyrese Haliburton,Tyrese,1610612754,IND,Indiana Pacers,0022400138,2024-11-01,IND @ NOP,L,33.4,2,8,0.25,1,6,0.167,6,6,1.0,1,1,2,11,2,0,0,0,2,3,11,-19,27.9,1,0,25.0,1,33,33,33,35,48,49,47,42,40,43,7,11,1,6,42,36,11,14,40,26,1,35,15,44,46,44,1,1,44,1,33:24
2024-25,1630169,Tyrese Haliburton,Tyrese,1610612754,IND,Indiana Pacers,0022400119,2024-10-30,IND vs. BOS,W,39.818333333333335,7,19,0.368,2,10,0.2,1,1,1.0,0,6,6,12,1,2,0,1,5,2,17,9,47.2,1,0,41.0,1,1,1,1,2,19,4,40,31,7,41,29,32,1,26,1,6,6,29,9,26,40,54,25,28,21,13,1,1,19,1,39:49
2024-25,1630169,Tyrese Haliburton,Tyrese,1610612754,IND,Indiana Pacers,0022400102,2024-10-28,IND @ ORL,L,35.04666666666667,6,15,0.4,4,9,0.444,3,4,0.75,3,6,9,10,1,1,0,0,1,2,19,3,46.8,1,0,44.0,1,33,33,33,22,26,19,34,9,12,16,18,18,31,1,1,1,14,29,23,26,1,13,25,21,30,14,1,1,15,1,35:03
2024-25,1630169,Tyrese Haliburton,Tyrese,1610612754,IND,Indiana Pacers,0022400097,2024-10-27,IND vs. PHI,L,37.29,8,18,0.444,4,9,0.444,2,5,0.4,1,3,4,2,3,0,1,2,2,2,22,-9,29.8,0,0,34.0,1,33,33,33,10,13,7,26,9,12,16,21,15,37,6,22,16,54,6,40,10,53,35,25,16,39,42,17,1,35,1,37:17
2024-25,1630169,Tyrese Haliburton,Tyrese,1610612754,IND,Indiana Pacers,0022400081,2024-10-25,IND @ NYK,L,25.85,0,8,0.0,0,7,0.0,0,0,0.0,0,1,1,5,1,1,0,0,2,0,0,-23,10.7,0,0,8.0,1,33,33,33,52,53,49,53,49,33,49,39,39,39,26,42,48,47,29,23,26,1,35,41,53,49,54,17,1,54,1,25:51
2024-25,1630169,Tyrese Haliburton,Tyrese,1610612754,IND,Indiana Pacers,0022400063,2024-10-23,IND @ DET,W,34.96666666666667,6,18,0.333,1,9,0.111,2,2,1.0,1,4,5,4,3,3,2,0,2,3,15,15,39.0,0,0,35.0,1,1,1,1,24,26,7,42,42,12,48,21,23,1,6,9,9,50,6,3,2,1,35,15,38,9,31,17,1,30,1,34:58
2024-25,201935,James Harden,James,1610612746,LAC,LA Clippers,0022400813,2025-02-23,LAC @ IND,L,35.233333333333334,9,17,0.529,6,13,0.462,7,9,0.778,0,7,7,11,5,3,2,0,1,7,31,-17,65.9,1,0,65.0,1,32,32,32,28,6,18,5,3,2,11,19,15,42,24,10,15,8,15,2,3,1,7,6,6,48,2,1,3,3,1,35:14
2024-25,201935,James Harden,James,1610612746,LAC,LA Clippers,0022400793,2025-02-20,LAC @ MIL,L,38.78333333333333,8,21,0.381,2,10,0.2,6,7,0.857,2,3,5,8,5,1,1,0,4,6,24,-2,43.0,0,0,43.0,1,32,32,32,6,8,6,28,28,10,42,23,23,30,3,36,28,28,15,23,9,1,45,12,12,31,29,27,3,26,1,38:47
2024-25,201935,James Harden,James,1610612746,LAC,LA Clippers,0022401004,2025-02-13,LAC @ UTA,W,49.266666666666666,8,19,0.421,5,13,0.385,11,15,0.733,1,9,10,7,3,3,2,0,4,7,32,11,66.5,1,0,64.0,1,1,1,1,1,8,9,20,6,2,20,7,1,47,9,5,6,33,43,2,3,1,45,6,5,18,1,1,3,4,1,49:16
2024-25,201935,James Harden,James,1610612746,LAC,LA Clippers,0022400783,2025-02-12,LAC vs. MEM,W,35.05,6,18,0.333,2,7,0.286,4,4,1.0,1,7,8,10,5,1,1,0,0,5,18,10,43.6,1,0,42.0,1,1,1,1,29,23,13,36,28,34,30,30,37,1,9,10,9,16,15,23,9,1,1,17,38,19,26,1,3,29,1,35:03
2024-25,201935,James Harden,James,1610612746,LAC,LA Clippers,0022400751,2025-02-08,LAC vs. UTA,W,37.93,7,18,0.389,2,8,0.25,7,8,0.875,0,2,2,17,5,2,0,3,1,6,23,30,51.9,1,0,48.0,1,1,1,1,8,13,13,26,28,26,32,19,22,29,24,44,47,1,15,11,26,52,7,12,17,2,13,1,3,14,1,37:56
2024-25,201935,James Harden,James,1610612746,LAC,LA Clippers,0022400733,2025-02-06,LAC vs. IND,L,37.75,7,14,0.5,4,9,0.444,4,5,0.8,1,5,6,10,4,1,0,0,2,2,22,10,43.2,1,0,44.0,1,32,32,32,9,13,35,7,10,18,13,30,29,36,9,26,18,16,30,23,26,1,20,45,22,19,27,1,3,24,1,37:45
2024-25,201935,James Harden,James,1610612746,LAC,LA Clippers,0022400715,2025-02-04,LAC vs. LAL,L,29.75,2,12,0.167,0,5,0.0,3,3,1.0,1,2,3,9,1,2,0,2,3,2,7,-16,29.1,0,0,23.0,1,32,32,32,46,52,44,52,53,46,53,41,46,1,9,44,41,22,49,11,26,45,35,45,52,46,49,27,3,52,1,29:45
2024-25,201935,James Harden,James,1610612746,LAC,LA Clippers,0022400697,2025-02-02,LAC @ TOR,L,36.66166666666667,7,20,0.35,2,9,0.222,9,9,1.0,2,3,5,7,2,2,1,1,3,5,25,-7,48.5,0,0,45.0,1,32,32,32,19,13,7,34,28,18,38,14,15,1,3,36,28,33,46,11,9,24,35,17,10,40,21,27,3,21,1,36:40
2024-25,201935,James Harden,James,1610612746,LAC,LA Clippers,0022400679,2025-01-31,LAC @ CHA,W,37.375,4,12,0.333,1,6,0.167,5,5,1.0,0,5,5,10,6,1,0,2,3,2,14,13,32.0,1,0,32.0,1,1,1,1,12,46,44,36,45,37,47,26,29,1,24,26,28,16,7,23,26,45,35,45,48,11,45,1,3,46,1,37:23
2024-25,201935,James Harden,James,1610612746,LAC,LA Clippers,0022400671,2025-01-29,LAC @ SAS,W,36.78333333333333,7,15,0.467,3,5,0.6,4,7,0.571,0,3,3,11,6,3,1,0,1,5,21,7,47.1,1,0,46.0,1,1,1,1,17,13,28,12,13,46,3,30,23,49,24,36,41,8,7,2,9,1,7,17,26,24,23,1,3,19,1,36:47
2024-25,201935,James Harden,James,1610612746,LAC,LA Clippers,0022400659,2025-01-27,LAC @ PHX,L,37.0,7,17,0.412,5,10,0.5,5,6,0.833,0,6,6,10,6,2,1,1,5,3,24,5,49.2,1,0,51.0,1,32,32,32,14,13,18,22,6,10,7,26,26,33,24,14,18,16,7,11,9,24,51,35,12,26,20,1,3,10,1,37:00
2024-25,201935,James Harden,James,1610612746,LAC,LA Clippers,0022400646,2025-01-25,LAC vs. MIL,W,35.46666666666667,12,24,0.5,4,10,0.4,12,12,1.0,1,4,5,9,1,1,0,1,2,8,40,12,61.5,0,0,60.0,1,1,1,1,27,2,3,7,10,10,17,2,6,1,9,33,28,22,49,23,26,24,20,1,3,16,6,27,3,5,1,35:28
2024-25,201935,James Harden,James,1610612746,LAC,LA Clippers,0022400983,2025-01-23,LAC vs. WAS,W,32.45,3,9,0.333,1,5,0.2,10,10,1.0,1,11,12,13,6,1,1,0,3,8,17,12,50.9,1,1,47.0,1,1,1,1,36,50,52,36,45,46,42,9,11,1,9,2,2,5,7,23,9,1,35,1,41,16,15,1,1,15,1,32:27
2024-25,201935,James Harden,James,1610612746,LAC,LA Clippers,0022400611,2025-01-20,LAC vs. CHI,L,35.95,5,17,0.294,3,13,0.231,4,4,1.0,0,5,5,10,5,1,1,1,2,3,17,-31,39.0,1,0,39.0,1,32,32,32,22,36,18,48,13,2,37,30,37,1,24,26,28,16,15,23,9,24,20,35,41,53,33,1,3,36,1,35:57
2024-25,201935,James Harden,James,1610612746,LAC,LA Clippers,0022400596,2025-01-19,LAC vs. LAL,W,39.78333333333333,7,19,0.368,4,9,0.444,3,3,1.0,1,3,4,12,5,1,0,1,4,3,21,13,41.8,1,0,43.0,1,1,1,1,4,13,9,30,10,18,13,41,46,1,9,36,36,7,15,23,26,24,45,35,26,11,32,1,3,26,1,39:47
2024-25,201935,James Harden,James,1610612746,LAC,LA Clippers,0022400575,2025-01-16,LAC @ POR,W,28.888333333333332,7,16,0.438,1,8,0.125,4,4,1.0,1,1,2,6,3,1,0,0,0,3,19,13,30.4,0,0,30.0,1,1,1,1,48,13,25,15,45,26,52,30,37,1,9,51,47,42,43,23,26,1,1,35,33,11,47,27,3,49,1,28:53
2024-25,201935,James Harden,James,1610612746,LAC,LA Clippers,0022400571,2025-01-15,LAC vs. BKN,W,23.0,6,10,0.6,3,5,0.6,6,6,1.0,0,6,6,11,1,2,0,0,1,4,21,36,49.7,1,0,45.0,1,1,1,1,53,23,48,2,13,46,3,23,26,1,24,14,18,8,49,11,26,1,7,27,26,1,19,1,3,21,1,23:00
2024-25,201935,James Harden,James,1610612746,LAC,LA Clippers,0022400553,2025-01-13,LAC vs. MIA,W,36.93333333333333,9,17,0.529,6,10,0.6,2,2,1.0,0,5,5,11,4,1,1,1,2,1,26,13,50.5,1,0,52.0,1,1,1,1,15,6,18,5,3,10,3,46,48,1,24,26,28,8,30,23,9,24,20,50,9,11,17,1,3,9,1,36:56
2024-25,201935,James Harden,James,1610612746,LAC,LA Clippers,0022400515,2025-01-08,LAC @ DEN,L,27.383333333333333,5,15,0.333,2,8,0.25,4,5,0.8,0,3,3,4,5,0,1,1,0,3,16,-17,23.6,0,0,27.0,1,32,32,32,49,36,28,36,28,26,32,30,29,36,24,36,41,47,15,47,9,24,1,35,46,48,51,27,3,50,1,27:23
2024-25,201935,James Harden,James,1610612746,LAC,LA Clippers,0022400500,2025-01-06,LAC @ MIN,L,37.403333333333336,8,22,0.364,3,11,0.273,3,5,0.6,2,6,8,8,4,2,2,2,4,4,22,-5,51.6,0,0,49.0,1,32,32,32,11,8,4,31,13,6,31,41,29,48,3,14,9,28,30,11,3,45,45,27,22,39,14,27,3,13,1,37:24
2024-25,201935,James Harden,James,1610612746,LAC,LA Clippers,0022400486,2025-01-04,LAC vs. ATL,W,29.4,3,9,0.333,1,5,0.2,3,4,0.75,0,2,2,15,4,2,0,0,2,2,10,10,36.9,1,0,32.0,1,1,1,1,47,50,52,36,45,46,42,41,37,45,24,44,47,4,30,11,26,1,20,45,51,19,38,1,3,46,1,29:24
2024-25,201935,James Harden,James,1610612746,LAC,LA Clippers,0022400451,2024-12-31,LAC @ SAS,L,25.466666666666665,5,11,0.455,2,6,0.333,5,6,0.833,1,2,3,1,5,1,1,0,1,3,17,-27,23.1,0,0,27.0,1,32,32,32,51,36,46,13,28,37,23,26,26,33,9,44,41,53,15,23,9,1,7,35,41,51,52,27,3,50,1,25:28
2024-25,201935,James Harden,James,1610612746,LAC,LA Clippers,0022400444,2024-12-30,LAC @ NOP,W,35.983333333333334,6,14,0.429,5,10,0.5,10,12,0.833,0,2,2,4,7,1,0,0,3,8,27,3,31.4,0,0,40.0,1,1,1,1,21,23,35,16,6,10,7,9,6,33,24,44,47,47,3,23,26,1,35,1,8,28,46,27,3,33,1,35:59
2024-25,201935,James Harden,James,1610612746,LAC,LA Clippers,0022400426,2024-12-27,LAC vs. GSW,W,38.833333333333336,6,14,0.429,2,8,0.25,4,4,1.0,1,2,3,7,6,1,1,0,3,2,18,8,32.1,0,0,34.0,1,1,1,1,5,23,35,16,28,26,32,30,37,1,9,44,41,33,7,23,9,1,35,45,38,23,43,27,3,44,1,38:50
2024-25,201935,James Harden,James,1610612746,LAC,LA Clippers,0022400399,2024-12-23,LAC @ MEM,W,35.8,6,16,0.375,1,6,0.167,8,10,0.8,2,6,8,9,4,1,0,0,4,5,21,-2,43.1,0,0,41.0,1,1,1,1,23,23,25,29,45,37,47,17,11,36,3,14,9,22,30,23,26,1,45,17,26,31,28,27,3,30,1,35:48
2024-25,201935,James Harden,James,1610612746,LAC,LA Clippers,0022400385,2024-12-21,LAC @ DAL,L,36.88333333333333,6,18,0.333,2,9,0.222,5,5,1.0,0,8,8,3,7,1,1,0,2,4,19,-4,32.1,0,0,36.0,1,32,32,32,16,23,13,36,28,18,38,26,29,1,24,7,9,50,3,23,9,1,20,27,33,36,43,27,3,42,1,36:53
2024-25,201935,James Harden,James,1610612746,LAC,LA Clippers,0022400368,2024-12-19,LAC @ DAL,W,35.766666666666666,6,14,0.429,2,5,0.4,10,10,1.0,1,3,4,7,6,1,0,0,2,5,24,19,36.3,0,0,39.0,1,1,1,1,24,23,35,16,28,46,17,9,11,1,9,36,36,33,7,23,26,1,20,17,12,7,40,27,3,36,1,35:46
2024-25,201935,James Harden,James,1610612746,LAC,LA Clippers,0022401226,2024-12-16,LAC vs. UTA,W,30.716666666666665,11,17,0.647,7,11,0.636,12,14,0.857,0,1,1,6,4,1,1,1,2,6,41,27,53.2,0,0,59.0,1,1,1,1,43,3,18,1,1,6,1,2,2,30,24,51,52,42,30,23,9,24,20,12,2,4,10,27,3,6,1,30:43
2024-25,201935,James Harden,James,1610612746,LAC,LA Clippers,0022401213,2024-12-13,LAC @ DEN,L,31.5,6,14,0.429,2,6,0.333,1,2,0.5,0,5,5,6,9,2,0,1,1,3,15,-16,27.0,0,0,32.0,1,32,32,32,41,23,35,16,28,37,23,52,48,50,24,26,28,42,1,11,26,24,7,35,47,46,50,27,3,46,1,31:30
2024-25,201935,James Harden,James,1610612746,LAC,LA Clippers,0022400324,2024-12-04,LAC vs. MIN,L,24.5,1,10,0.1,1,6,0.167,2,2,1.0,0,3,3,3,4,0,0,1,0,1,5,-27,9.1,0,0,12.0,1,32,32,32,52,53,48,53,45,37,47,46,48,1,24,36,41,50,30,47,26,24,1,50,53,51,53,27,3,53,1,24:30
2024-25,201935,James Harden,James,1610612746,LAC,LA Clippers,0022400060,2024-12-03,LAC vs. POR,W,31.755,6,15,0.4,3,10,0.3,8,9,0.889,0,1,1,7,4,1,0,1,2,4,23,27,33.7,0,0,36.0,1,1,1,1,39,23,28,23,13,10,28,17,15,28,24,51,52,33,30,23,26,24,20,27,17,4,42,27,3,42,1,31:45
2024-25,201935,James Harden,James,1610612746,LAC,LA Clippers,0022400314,2024-12-01,LAC vs. DEN,W,38.416666666666664,10,26,0.385,6,15,0.4,13,13,1.0,2,7,9,11,5,1,0,1,4,6,39,14,64.3,1,0,67.0,1,1,1,1,7,4,2,27,3,1,17,1,3,1,3,10,8,8,15,23,26,24,45,12,4,9,3,1,3,1,1,38:25
2024-25,201935,James Harden,James,1610612746,LAC,LA Clippers,0022400044,2024-11-29,LAC @ MIN,L,36.75,7,20,0.35,3,9,0.333,3,4,0.75,0,6,6,11,4,5,0,1,1,4,20,-3,54.7,1,0,50.0,1,32,32,32,18,13,7,34,13,18,23,41,37,45,24,14,18,8,30,1,26,24,7,27,31,35,8,1,3,11,1,36:45
2024-25,201935,James Harden,James,1610612746,LAC,LA Clippers,0022400291,2024-11-27,LAC @ WAS,W,31.866666666666667,13,22,0.591,7,11,0.636,10,11,0.909,1,3,4,7,4,3,0,1,0,5,43,25,63.3,0,0,67.0,1,1,1,1,38,1,4,4,1,6,1,9,10,27,9,36,36,33,30,2,26,24,1,17,1,6,4,27,3,1,1,31:52
2024-25,201935,James Harden,James,1610612746,LAC,LA Clippers,0022400281,2024-11-25,LAC @ BOS,L,29.85,8,17,0.471,3,8,0.375,0,0,0.0,0,8,8,9,5,0,0,2,1,0,19,-14,37.1,0,0,39.0,1,32,32,32,45,8,18,11,13,26,21,53,53,53,24,7,9,22,15,47,26,45,7,53,33,45,37,27,3,36,1,29:51
2024-25,201935,James Harden,James,1610612746,LAC,LA Clippers,0022400274,2024-11-24,LAC @ PHI,W,27.1,4,10,0.4,3,7,0.429,12,12,1.0,0,2,2,8,4,1,0,1,1,5,23,30,36.4,0,0,38.0,1,1,1,1,50,46,48,23,13,34,15,2,6,1,24,44,47,28,30,23,26,24,7,17,17,2,39,27,3,40,1,27:06
2024-25,201935,James Harden,James,1610612746,LAC,LA Clippers,0022400034,2024-11-22,LAC vs. SAC,W,36.24666666666667,5,18,0.278,2,10,0.2,10,10,1.0,0,6,6,9,4,3,1,2,0,4,22,14,50.7,0,0,47.0,1,1,1,1,20,36,13,50,28,10,42,9,11,1,24,14,18,22,30,2,9,45,1,27,22,9,16,27,3,15,1,36:15
2024-25,201935,James Harden,James,1610612746,LAC,LA Clippers,0022400259,2024-11-20,LAC vs. ORL,W,33.85,5,14,0.357,3,6,0.5,11,12,0.917,0,7,7,5,5,0,0,2,3,7,24,18,34.9,0,0,39.0,1,1,1,1,34,36,35,32,13,37,7,7,6,26,24,10,15,46,15,47,26,45,35,6,12,8,41,27,3,36,1,33:51
2024-25,201935,James Harden,James,1610612746,LAC,LA Clippers,0022400251,2024-11-18,LAC vs. GSW,W,40.68333333333333,4,15,0.267,2,6,0.333,2,2,1.0,0,6,6,16,3,2,2,1,2,1,12,-4,52.2,1,0,44.0,1,1,1,1,2,46,28,51,28,37,23,46,48,1,24,14,18,2,43,11,3,24,20,50,49,36,12,1,3,24,1,40:41
2024-25,201935,James Harden,James,1610612746,LAC,LA Clippers,0022400243,2024-11-17,LAC vs. UTA,W,34.35,7,14,0.5,2,8,0.25,4,5,0.8,1,5,6,11,0,2,2,0,1,3,20,9,55.7,1,0,47.0,1,1,1,1,31,13,35,7,28,26,32,30,29,36,9,26,18,8,53,11,3,1,7,35,31,22,7,1,3,15,1,34:21
2024-25,201935,James Harden,James,1610612746,LAC,LA Clippers,0022400016,2024-11-15,LAC @ HOU,L,30.583333333333332,7,14,0.5,3,9,0.333,4,4,1.0,0,6,6,2,5,0,1,0,3,5,21,-17,29.2,0,0,34.0,1,32,32,32,44,13,35,7,13,18,23,30,37,1,24,14,18,52,15,47,9,1,35,17,26,48,48,27,3,44,1,30:35
2024-25,201935,James Harden,James,1610612746,LAC,LA Clippers,0022400222,2024-11-13,LAC @ HOU,L,31.416666666666668,6,15,0.4,3,8,0.375,4,5,0.8,0,6,6,7,1,3,0,1,1,6,19,-12,44.7,0,0,41.0,1,32,32,32,42,23,28,23,13,26,21,30,29,36,24,14,18,33,49,2,26,24,7,12,33,43,24,27,3,30,1,31:25
2024-25,201935,James Harden,James,1610612746,LAC,LA Clippers,0022400215,2024-11-11,LAC @ OKC,L,37.23,5,15,0.333,3,7,0.429,4,5,0.8,3,8,11,9,5,0,0,1,5,5,17,-7,38.7,1,0,40.0,1,32,32,32,13,36,28,36,13,34,15,30,29,36,1,7,5,22,15,47,26,24,51,17,41,40,34,1,3,33,1,37:14
2024-25,201935,James Harden,James,1610612746,LAC,LA Clippers,0022400200,2024-11-09,LAC vs. TOR,W,34.15,5,17,0.294,2,8,0.25,12,13,0.923,1,11,12,7,4,1,0,0,2,8,24,-2,47.9,1,0,47.0,1,1,1,1,32,36,18,48,28,26,32,2,3,24,9,2,2,33,30,23,26,1,20,1,12,31,22,1,3,15,1,34:09
2024-25,201935,James Harden,James,1610612746,LAC,LA Clippers,0022400196,2024-11-08,LAC @ SAC,W,34.51833333333333,5,16,0.313,3,6,0.5,9,9,1.0,0,4,4,8,7,2,0,0,2,7,22,7,37.8,0,0,41.0,1,1,1,1,30,36,25,46,13,37,7,14,15,1,24,33,36,28,3,11,26,1,20,6,22,24,35,27,3,30,1,34:31
2024-25,201935,James Harden,James,1610612746,LAC,LA Clippers,0022400179,2024-11-06,LAC vs. PHI,W,33.95,5,15,0.333,1,6,0.167,7,9,0.778,0,4,4,6,6,3,1,1,1,8,18,13,37.8,0,0,37.0,1,1,1,1,33,36,28,36,45,37,47,19,15,42,24,33,36,42,7,2,9,24,7,1,38,11,35,27,3,41,1,33:57
2024-25,201935,James Harden,James,1610612746,LAC,LA Clippers,0022400168,2024-11-04,LAC vs. SAS,W,33.333333333333336,6,10,0.6,3,5,0.6,2,4,0.5,2,6,8,4,2,1,3,1,3,4,17,-12,42.6,0,0,40.0,1,1,1,1,35,23,48,2,13,46,3,46,37,50,3,14,9,47,46,23,1,24,35,27,41,43,31,27,3,33,1,33:20
2024-25,201935,James Harden,James,1610612746,LAC,LA Clippers,0022400150,2024-11-02,LAC vs. OKC,L,32.43333333333333,4,13,0.308,2,9,0.222,2,2,1.0,0,13,13,7,2,3,3,0,2,3,12,-9,54.1,1,0,46.0,1,32,32,32,37,46,43,47,28,18,38,46,48,1,24,1,1,33,46,2,1,1,20,35,49,42,9,1,3,19,1,32:26
2024-25,201935,James Harden,James,1610612746,LAC,LA Clippers,0022400131,2024-10-31,LAC vs. PHX,L,35.68333333333333,8,19,0.421,3,10,0.3,6,7,0.857,0,10,10,13,6,2,2,0,2,7,25,-2,62.5,1,1,59.0,1,32,32,32,25,8,9,20,13,10,28,23,23,30,24,4,6,5,7,11,3,1,20,6,10,31,5,1,1,6,1,35:41
2024-25,201935,James Harden,James,1610612746,LAC,LA Clippers,0022400127,2024-10-30,LAC vs. POR,L,31.716666666666665,6,18,0.333,5,11,0.455,2,4,0.5,0,5,5,10,5,3,0,1,2,3,19,1,44.0,1,0,45.0,1,32,32,32,40,23,13,36,6,6,12,46,37,50,24,26,28,16,15,2,26,24,20,35,33,30,25,1,3,21,1,31:43
2024-25,201935,James Harden,James,1610612746,LAC,LA Clippers,0022400101,2024-10-27,LAC @ GSW,W,35.65,6,19,0.316,2,12,0.167,9,9,1.0,1,6,7,11,5,0,0,0,1,4,23,4,42.9,1,0,43.0,1,1,1,1,26,23,9,45,28,5,47,14,15,1,9,14,15,8,15,47,26,1,7,27,17,27,30,1,3,26,1,35:39
2024-25,201935,James Harden,James,1610612746,LAC,LA Clippers,0022400087,2024-10-26,LAC @ DEN,W,37.75,5,11,0.455,1,5,0.2,12,13,0.923,0,6,6,16,7,1,1,2,5,7,23,3,53.2,1,0,50.0,1,1,1,1,9,36,46,13,45,46,42,2,3,24,24,14,18,2,3,23,9,45,51,6,17,28,10,1,3,11,1,37:45
2024-25,201935,James Harden,James,1610612746,LAC,LA Clippers,0022400071,2024-10-23,LAC vs. PHX,L,39.85333333333333,10,28,0.357,2,9,0.222,7,9,0.778,3,9,12,8,8,1,0,6,3,5,29,-4,50.4,1,0,53.0,1,32,32,32,3,4,1,32,28,18,38,19,15,42,1,5,2,28,2,23,26,53,35,17,7,36,18,1,3,8,1,39:51
2024-25,1627826,Ivica Zubac,Ivica,1610612746,LAC,LA Clippers,0022400813,2025-02-23,LAC @ IND,L,29.911666666666665,8,11,0.727,0,0,0.0,6,6,1.0,1,5,6,2,0,0,0,1,1,4,22,-9,32.2,0,0,30.0,1,32,32,32,36,17,21,13,1,1,1,1,3,1,47,47,53,27,49,32,35,26,9,13,6,43,38,35,1,36,1,29:55
2024-25,1627826,Ivica Zubac,Ivica,1610612746,LAC,LA Clippers,0022400793,2025-02-20,LAC @ MIL,L,36.84166666666667,8,13,0.615,0,0,0.0,4,5,0.8,3,12,15,1,2,1,4,1,2,5,20,-8,52.5,1,0,46.0,1,32,32,32,6,17,12,28,1,1,1,6,6,18,27,6,12,36,11,11,3,26,20,2,16,41,8,1,1,8,1,36:51
2024-25,1627826,Ivica Zubac,Ivica,1610612746,LAC,LA Clippers,0022401004,2025-02-13,LAC @ UTA,W,25.185,4,12,0.333,0,0,0.0,2,2,1.0,6,2,8,0,1,2,1,0,2,2,10,-3,27.6,0,0,24.0,1,1,1,1,50,42,17,49,1,1,1,17,28,1,8,54,47,51,26,3,16,1,20,34,41,35,45,35,1,44,1,25:11
2024-25,1627826,Ivica Zubac,Ivica,1610612746,LAC,LA Clippers,0022400783,2025-02-12,LAC vs. MEM,W,32.49166666666667,5,7,0.714,0,0,0.0,2,2,1.0,3,10,13,3,2,3,1,1,2,3,12,17,42.1,1,0,36.0,1,1,1,1,28,36,47,17,1,1,1,17,28,1,27,17,21,17,11,2,16,26,20,19,36,11,21,1,1,24,1,32:30
2024-25,1627826,Ivica Zubac,Ivica,1610612746,LAC,LA Clippers,0022400751,2025-02-08,LAC vs. UTA,W,33.446666666666665,13,16,0.813,0,0,0.0,0,0,0.0,4,11,15,5,1,2,1,0,3,2,26,19,59.5,1,0,52.0,1,1,1,1,24,1,7,6,1,1,1,41,47,41,13,10,12,2,26,3,16,1,37,34,1,9,1,1,1,2,1,33:27
2024-25,1627826,Ivica Zubac,Ivica,1610612746,LAC,LA Clippers,0022400733,2025-02-06,LAC vs. IND,L,34.81666666666667,8,11,0.727,0,0,0.0,2,2,1.0,4,11,15,2,2,1,0,1,3,2,18,-7,40.0,1,0,37.0,1,32,32,32,17,17,21,13,1,1,1,17,28,1,13,10,12,27,11,11,35,26,37,34,20,40,24,1,1,19,1,34:49
2024-25,1627826,Ivica Zubac,Ivica,1610612746,LAC,LA Clippers,0022400715,2025-02-04,LAC vs. LAL,L,27.923333333333332,2,7,0.286,0,0,0.0,4,4,1.0,4,6,10,3,2,1,0,0,3,3,8,-9,25.5,0,0,23.0,1,32,32,32,45,48,47,50,1,1,1,6,13,1,13,43,37,17,11,11,35,1,37,19,46,43,46,35,1,46,1,27:55
2024-25,1627826,Ivica Zubac,Ivica,1610612746,LAC,LA Clippers,0022400697,2025-02-02,LAC @ TOR,L,40.04333333333334,7,11,0.636,0,0,0.0,4,4,1.0,0,8,8,1,0,1,3,1,0,3,18,10,41.1,0,0,35.0,1,32,32,32,1,27,21,25,1,1,1,6,13,1,54,30,47,36,49,11,4,26,1,19,20,18,22,35,1,26,1,40:03
2024-25,1627826,Ivica Zubac,Ivica,1610612746,LAC,LA Clippers,0022400679,2025-01-31,LAC @ CHA,W,31.983333333333334,7,10,0.7,0,0,0.0,0,0,0.0,2,9,11,1,1,1,0,0,2,1,14,7,30.7,1,0,28.0,1,1,1,1,30,27,29,19,1,1,1,41,47,41,41,23,33,36,26,11,35,1,20,49,31,24,41,1,1,39,1,31:59
2024-25,1627826,Ivica Zubac,Ivica,1610612746,LAC,LA Clippers,0022400671,2025-01-29,LAC @ SAS,W,33.663333333333334,8,16,0.5,0,0,0.0,5,5,1.0,9,13,22,3,1,1,0,4,3,4,21,20,53.9,1,0,48.0,1,1,1,1,23,17,7,37,1,1,1,3,6,1,2,4,1,17,26,11,35,54,37,13,10,8,6,1,1,7,1,33:40
2024-25,1627826,Ivica Zubac,Ivica,1610612746,LAC,LA Clippers,0022400659,2025-01-27,LAC @ PHX,L,34.17333333333333,12,17,0.706,0,0,0.0,1,1,1.0,5,11,16,4,3,1,1,1,2,2,25,9,53.2,1,0,49.0,1,32,32,32,18,2,3,18,1,1,1,27,42,1,11,10,8,6,7,11,16,26,20,34,2,22,7,1,1,5,1,34:10
2024-25,1627826,Ivica Zubac,Ivica,1610612746,LAC,LA Clippers,0022400646,2025-01-25,LAC vs. MIL,W,28.491666666666667,5,10,0.5,0,0,0.0,2,2,1.0,3,7,10,1,1,2,0,1,2,2,12,5,30.5,1,0,27.0,1,1,1,1,41,36,29,37,1,1,1,17,28,1,27,36,37,36,26,3,35,26,20,34,36,26,42,1,1,41,1,28:30
2024-25,1627826,Ivica Zubac,Ivica,1610612746,LAC,LA Clippers,0022400983,2025-01-23,LAC vs. WAS,W,29.39666666666667,5,10,0.5,0,0,0.0,1,2,0.5,3,6,9,2,1,0,0,0,2,2,11,12,23.8,0,0,22.0,1,1,1,1,38,36,29,37,1,1,1,27,28,26,27,43,42,27,26,32,35,1,20,34,38,17,48,35,1,48,1,29:24
2024-25,1627826,Ivica Zubac,Ivica,1610612746,LAC,LA Clippers,0022400596,2025-01-19,LAC vs. LAL,W,35.483333333333334,9,16,0.563,0,0,0.0,3,3,1.0,8,11,19,3,2,1,3,3,1,3,21,18,58.3,1,0,51.0,1,1,1,1,14,10,7,33,1,1,1,11,20,1,4,10,3,17,11,11,4,52,9,19,10,10,3,1,1,3,1,35:29
2024-25,1627826,Ivica Zubac,Ivica,1610612746,LAC,LA Clippers,0022400575,2025-01-16,LAC @ POR,W,28.1,5,10,0.5,0,0,0.0,0,0,0.0,1,7,8,3,1,2,2,0,3,1,10,28,35.1,0,0,29.0,1,1,1,1,44,36,29,37,1,1,1,41,47,41,47,36,47,17,26,3,8,1,37,49,41,5,31,35,1,37,1,28:06
2024-25,1627826,Ivica Zubac,Ivica,1610612746,LAC,LA Clippers,0022400571,2025-01-15,LAC vs. BKN,W,22.05,4,6,0.667,0,0,0.0,3,3,1.0,3,6,9,4,2,1,1,0,2,2,11,48,31.8,0,0,28.0,1,1,1,1,54,42,52,21,1,1,1,11,20,1,27,43,42,6,11,11,16,1,20,34,38,1,39,35,1,39,1,22:03
2024-25,1627826,Ivica Zubac,Ivica,1610612746,LAC,LA Clippers,0022400553,2025-01-13,LAC vs. MIA,W,32.1,10,13,0.769,0,0,0.0,1,3,0.333,4,16,20,1,1,0,2,1,0,3,21,3,51.5,1,0,46.0,1,1,1,1,29,6,12,10,1,1,1,27,20,33,13,1,2,36,26,32,8,26,1,19,10,28,9,1,1,8,1,32:06
2024-25,1627826,Ivica Zubac,Ivica,1610612746,LAC,LA Clippers,0022400515,2025-01-08,LAC @ DEN,L,28.616666666666667,2,4,0.5,0,0,0.0,6,7,0.857,1,7,8,3,2,0,1,1,1,4,10,-21,25.1,0,0,23.0,1,32,32,32,40,48,53,37,1,1,1,1,2,17,47,36,47,17,11,32,16,26,9,13,41,52,47,35,1,46,1,28:37
2024-25,1627826,Ivica Zubac,Ivica,1610612746,LAC,LA Clippers,0022400500,2025-01-06,LAC @ MIN,L,35.13,7,11,0.636,0,0,0.0,3,3,1.0,3,13,16,2,2,1,6,0,2,3,17,-2,58.2,1,0,49.0,1,32,32,32,15,27,21,25,1,1,1,11,20,1,27,4,8,27,11,11,1,1,20,19,24,33,5,1,1,5,1,35:08
2024-25,1627826,Ivica Zubac,Ivica,1610612746,LAC,LA Clippers,0022400486,2025-01-04,LAC vs. ATL,W,31.85,9,11,0.818,0,0,0.0,0,1,0.0,4,14,18,4,1,0,1,0,3,1,18,25,47.6,1,0,42.0,1,1,1,1,32,10,21,4,1,1,1,41,42,41,13,3,5,6,26,32,16,1,37,49,20,6,13,1,1,12,1,31:51
2024-25,1627826,Ivica Zubac,Ivica,1610612746,LAC,LA Clippers,0022400466,2025-01-02,LAC @ OKC,L,23.083333333333332,5,9,0.556,0,0,0.0,1,3,0.333,1,8,9,2,2,0,0,1,1,4,11,-23,22.8,0,0,22.0,1,32,32,32,52,36,37,34,1,1,1,27,20,33,47,30,42,27,11,32,35,26,9,13,38,53,49,35,1,48,1,23:05
2024-25,1627826,Ivica Zubac,Ivica,1610612746,LAC,LA Clippers,0022400451,2024-12-31,LAC @ SAS,L,22.166666666666668,2,7,0.286,0,0,0.0,1,2,0.5,2,5,7,2,1,0,0,2,2,2,5,-19,15.4,0,0,14.0,1,32,32,32,53,48,47,50,1,1,1,27,28,26,41,47,52,27,26,32,35,44,20,34,53,51,54,35,1,54,1,22:10
2024-25,1627826,Ivica Zubac,Ivica,1610612746,LAC,LA Clippers,0022400444,2024-12-30,LAC @ NOP,W,35.99166666666667,9,13,0.692,0,0,0.0,2,5,0.4,7,9,16,4,0,1,0,2,0,5,20,-4,48.2,1,0,42.0,1,1,1,1,11,10,12,20,1,1,1,17,6,31,6,23,8,6,49,11,35,44,1,2,16,36,11,1,1,12,1,35:60
2024-25,1627826,Ivica Zubac,Ivica,1610612746,LAC,LA Clippers,0022400426,2024-12-27,LAC vs. GSW,W,35.95,8,9,0.889,0,0,0.0,1,3,0.333,1,10,11,2,2,0,5,0,2,3,17,5,46.2,1,0,40.0,1,1,1,1,12,17,37,2,1,1,1,27,20,33,47,17,33,27,11,32,2,1,20,19,24,26,15,1,1,16,1,35:57
2024-25,1627826,Ivica Zubac,Ivica,1610612746,LAC,LA Clippers,0022400399,2024-12-23,LAC @ MEM,W,39.64333333333333,10,18,0.556,0,0,0.0,0,1,0.0,9,10,19,1,1,4,1,2,3,2,20,17,58.3,1,0,50.0,1,1,1,1,2,6,2,34,1,1,1,41,42,41,2,17,3,36,26,1,16,44,37,34,16,11,3,1,1,4,1,39:39
2024-25,1627826,Ivica Zubac,Ivica,1610612746,LAC,LA Clippers,0022400385,2024-12-21,LAC @ DAL,L,33.86666666666667,6,10,0.6,0,0,0.0,1,2,0.5,4,11,15,3,2,1,1,0,2,5,13,-2,39.5,1,0,35.0,1,32,32,32,20,32,29,30,1,1,1,27,28,26,13,10,12,17,11,11,16,1,20,2,33,33,25,1,1,26,1,33:52
2024-25,1627826,Ivica Zubac,Ivica,1610612746,LAC,LA Clippers,0022400368,2024-12-19,LAC @ DAL,W,33.31666666666667,10,13,0.769,0,0,0.0,1,2,0.5,3,12,15,5,1,2,0,0,2,2,21,15,51.5,1,0,45.0,1,1,1,1,25,6,12,10,1,1,1,27,28,26,27,6,12,2,26,3,35,1,20,34,10,14,9,1,1,10,1,33:19
2024-25,1627826,Ivica Zubac,Ivica,1610612746,LAC,LA Clippers,0022401226,2024-12-16,LAC vs. UTA,W,25.566666666666666,8,11,0.727,0,0,0.0,3,4,0.75,2,10,12,4,1,1,2,1,3,3,19,29,47.4,1,0,41.0,1,1,1,1,48,17,21,13,1,1,1,11,13,20,41,17,25,6,26,11,8,26,37,19,19,4,14,1,1,15,1,25:34
2024-25,1627826,Ivica Zubac,Ivica,1610612746,LAC,LA Clippers,0022401213,2024-12-13,LAC @ DEN,L,31.933333333333334,6,12,0.5,0,0,0.0,1,3,0.333,4,9,13,4,2,1,0,0,0,3,13,-8,35.6,1,0,32.0,1,32,32,32,31,32,17,37,1,1,1,27,20,33,13,23,21,6,11,11,35,1,1,19,33,41,30,1,1,33,1,31:56
2024-25,1627826,Ivica Zubac,Ivica,1610612746,LAC,LA Clippers,0022400356,2024-12-08,LAC vs. HOU,L,36.56666666666667,9,15,0.6,0,0,0.0,3,4,0.75,3,9,12,1,0,0,2,2,2,4,21,-9,42.9,1,0,38.0,1,32,32,32,9,10,10,30,1,1,1,11,13,20,27,23,25,36,49,32,8,44,20,13,10,43,19,1,1,18,1,36:34
2024-25,1627826,Ivica Zubac,Ivica,1610612746,LAC,LA Clippers,0022400324,2024-12-04,LAC vs. MIN,L,26.483333333333334,2,4,0.5,0,0,0.0,0,0,0.0,3,7,10,1,1,0,0,0,0,5,4,-24,16.5,0,0,15.0,1,32,32,32,47,48,53,37,1,1,1,41,47,41,27,36,37,36,26,32,35,1,1,2,54,54,53,35,1,53,1,26:29
2024-25,1627826,Ivica Zubac,Ivica,1610612746,LAC,LA Clippers,0022400060,2024-12-03,LAC vs. POR,W,28.37,4,8,0.5,0,0,0.0,0,2,0.0,4,6,10,2,1,0,2,2,1,5,8,15,28.0,0,0,24.0,1,1,1,1,43,42,43,37,1,1,1,41,28,41,13,43,37,27,26,32,8,44,9,2,46,14,44,35,1,44,1,28:22
2024-25,1627826,Ivica Zubac,Ivica,1610612746,LAC,LA Clippers,0022400314,2024-12-01,LAC vs. DEN,W,35.11,2,9,0.222,0,0,0.0,2,5,0.4,3,5,8,5,3,0,0,0,2,4,6,10,20.1,0,0,19.0,1,1,1,1,16,48,37,54,1,1,1,17,6,31,27,47,47,2,7,32,35,1,20,13,50,18,52,35,1,50,1,35:07
2024-25,1627826,Ivica Zubac,Ivica,1610612746,LAC,LA Clippers,0022400044,2024-11-29,LAC @ MIN,L,33.75,8,9,0.889,0,0,0.0,0,0,0.0,4,9,13,1,1,1,0,0,3,3,16,7,35.1,1,0,32.0,1,32,32,32,22,17,37,2,1,1,1,41,47,41,13,23,21,36,26,11,35,1,37,19,28,24,31,1,1,33,1,33:45
2024-25,1627826,Ivica Zubac,Ivica,1610612746,LAC,LA Clippers,0022400291,2024-11-27,LAC @ WAS,W,23.733333333333334,9,11,0.818,0,0,0.0,0,0,0.0,4,12,16,1,1,0,1,1,0,1,18,30,40.7,1,0,37.0,1,1,1,1,51,10,21,4,1,1,1,41,47,41,13,6,8,36,26,32,16,26,1,49,20,3,23,1,1,19,1,23:44
2024-25,1627826,Ivica Zubac,Ivica,1610612746,LAC,LA Clippers,0022400281,2024-11-25,LAC @ BOS,L,28.916666666666668,11,14,0.786,0,0,0.0,1,4,0.25,3,7,10,1,1,0,1,0,0,3,23,-13,38.5,1,0,36.0,1,32,32,32,39,3,11,8,1,1,1,27,13,38,27,36,37,36,26,32,16,1,1,19,4,49,28,1,1,24,1,28:55
2024-25,1627826,Ivica Zubac,Ivica,1610612746,LAC,LA Clippers,0022400274,2024-11-24,LAC @ PHI,W,25.366666666666667,8,10,0.8,0,0,0.0,0,1,0.0,3,9,12,4,2,0,1,1,0,2,16,35,37.4,1,0,34.0,1,1,1,1,49,17,29,7,1,1,1,41,42,41,27,23,25,6,11,32,16,26,1,34,28,2,29,1,1,29,1,25:22
2024-25,1627826,Ivica Zubac,Ivica,1610612746,LAC,LA Clippers,0022400034,2024-11-22,LAC vs. SAC,W,30.816666666666666,5,8,0.625,0,0,0.0,0,0,0.0,4,11,15,4,4,0,1,0,4,1,10,8,33.0,1,0,31.0,1,1,1,1,34,36,43,27,1,1,1,41,47,41,13,10,12,6,2,32,16,1,50,49,41,23,36,1,1,35,1,30:49
2024-25,1627826,Ivica Zubac,Ivica,1610612746,LAC,LA Clippers,0022400259,2024-11-20,LAC vs. ORL,W,30.733333333333334,8,11,0.727,0,0,0.0,1,4,0.25,8,4,12,3,4,1,0,1,1,3,17,10,34.9,1,0,34.0,1,1,1,1,35,17,21,13,1,1,1,27,13,38,4,51,25,17,2,11,35,26,9,19,24,18,33,1,1,29,1,30:44
2024-25,1627826,Ivica Zubac,Ivica,1610612746,LAC,LA Clippers,0022400251,2024-11-18,LAC vs. GSW,W,36.45,3,8,0.375,0,0,0.0,2,2,1.0,1,16,17,4,1,2,1,1,1,2,8,21,42.4,0,0,35.0,1,1,1,1,10,47,43,47,1,1,1,17,28,1,47,1,7,6,26,3,16,26,9,34,46,7,20,35,1,26,1,36:27
2024-25,1627826,Ivica Zubac,Ivica,1610612746,LAC,LA Clippers,0022400243,2024-11-17,LAC vs. UTA,W,32.78333333333333,11,17,0.647,0,0,0.0,0,2,0.0,6,5,11,2,5,0,2,0,3,2,22,10,39.2,1,0,39.0,1,1,1,1,27,3,3,23,1,1,1,41,28,41,8,47,33,27,1,32,8,1,37,34,6,18,26,1,1,17,1,32:47
2024-25,1627826,Ivica Zubac,Ivica,1610612746,LAC,LA Clippers,0022400016,2024-11-15,LAC @ HOU,L,29.7,2,7,0.286,0,0,0.0,2,2,1.0,3,8,11,0,2,0,1,0,4,2,6,-15,20.2,0,0,19.0,1,32,32,32,37,48,47,50,1,1,1,17,28,1,27,30,33,51,11,32,16,1,50,34,50,50,51,35,1,50,1,29:42
2024-25,1627826,Ivica Zubac,Ivica,1610612746,LAC,LA Clippers,0022400222,2024-11-13,LAC @ HOU,L,27.45,4,8,0.5,0,0,0.0,0,2,0.0,2,4,6,1,0,1,1,2,2,1,8,-1,22.7,0,0,19.0,1,32,32,32,46,42,43,37,1,1,1,41,28,41,41,51,53,36,49,11,16,44,20,49,46,31,50,35,1,50,1,27:27
2024-25,1627826,Ivica Zubac,Ivica,1610612746,LAC,LA Clippers,0022400215,2024-11-11,LAC @ OKC,L,34.05833333333333,9,12,0.75,0,0,0.0,4,6,0.667,4,10,14,0,4,0,3,1,1,5,22,-9,43.8,1,0,42.0,1,32,32,32,19,10,17,12,1,1,1,6,3,23,13,17,20,51,2,32,4,26,9,2,6,43,17,1,1,12,1,34:04
2024-25,1627826,Ivica Zubac,Ivica,1610612746,LAC,LA Clippers,0022400200,2024-11-09,LAC vs. TOR,W,38.32833333333333,7,12,0.583,0,0,0.0,0,0,0.0,2,10,12,1,1,2,3,2,3,3,14,-6,43.9,1,0,37.0,1,1,1,1,4,27,17,32,1,1,1,41,47,41,41,17,25,36,26,3,4,44,37,19,31,38,16,1,1,19,1,38:20
2024-25,1627826,Ivica Zubac,Ivica,1610612746,LAC,LA Clippers,0022400196,2024-11-08,LAC @ SAC,W,36.59,6,9,0.667,0,0,0.0,1,2,0.5,7,8,15,5,1,0,2,0,3,5,13,-4,43.5,1,0,37.0,1,1,1,1,8,32,37,21,1,1,1,27,28,26,6,30,12,2,26,32,8,1,37,2,33,36,18,1,1,19,1,36:35
2024-25,1627826,Ivica Zubac,Ivica,1610612746,LAC,LA Clippers,0022400179,2024-11-06,LAC vs. PHI,W,33.28333333333333,7,9,0.778,0,0,0.0,1,1,1.0,2,7,9,3,1,1,0,0,1,2,15,13,32.3,0,0,29.0,1,1,1,1,26,27,37,9,1,1,1,27,42,1,41,36,42,17,26,11,35,1,9,34,30,16,37,35,1,37,1,33:17
2024-25,1627826,Ivica Zubac,Ivica,1610612746,LAC,LA Clippers,0022400168,2024-11-04,LAC vs. SAS,W,36.72,6,17,0.353,0,0,0.0,5,5,1.0,10,3,13,4,4,0,0,3,3,3,17,16,34.6,1,0,34.0,1,1,1,1,7,32,3,48,1,1,1,3,6,1,1,53,21,6,2,32,35,52,37,19,24,13,34,1,1,29,1,36:43
2024-25,1627826,Ivica Zubac,Ivica,1610612746,LAC,LA Clippers,0022400150,2024-11-02,LAC vs. OKC,L,28.4,4,10,0.4,0,0,0.0,1,5,0.2,3,9,12,0,1,1,1,1,2,5,9,-9,28.4,0,0,25.0,1,32,32,32,42,42,29,46,1,1,1,27,6,40,27,23,25,51,26,11,16,26,20,2,45,43,43,35,1,42,1,28:24
2024-25,1627826,Ivica Zubac,Ivica,1610612746,LAC,LA Clippers,0022400131,2024-10-31,LAC vs. PHX,L,35.53333333333333,9,10,0.9,0,0,0.0,4,5,0.8,5,7,12,1,2,1,0,0,1,5,22,-11,38.9,1,0,37.0,1,32,32,32,13,10,29,1,1,1,1,6,6,18,11,36,25,36,11,11,35,1,9,2,6,48,27,1,1,19,1,35:32
2024-25,1627826,Ivica Zubac,Ivica,1610612746,LAC,LA Clippers,0022400127,2024-10-30,LAC vs. POR,L,31.233333333333334,2,7,0.286,0,0,0.0,2,6,0.333,4,8,12,1,0,1,2,0,4,3,6,-1,30.9,0,0,25.0,1,32,32,32,33,48,47,50,1,1,1,17,3,33,13,30,25,36,49,11,8,1,50,19,50,31,40,35,1,42,1,31:14
2024-25,1627826,Ivica Zubac,Ivica,1610612746,LAC,LA Clippers,0022400101,2024-10-27,LAC @ GSW,W,37.501666666666665,10,19,0.526,0,0,0.0,3,4,0.75,6,12,18,6,4,2,1,2,1,5,23,3,58.6,1,0,53.0,1,1,1,1,5,6,1,36,1,1,1,11,13,20,8,6,5,1,2,3,16,44,9,2,4,28,2,1,1,1,1,37:30
2024-25,1627826,Ivica Zubac,Ivica,1610612746,LAC,LA Clippers,0022400087,2024-10-26,LAC @ DEN,W,39.06,11,17,0.647,0,0,0.0,2,3,0.667,4,11,15,4,3,0,1,1,4,5,24,-6,48.0,1,0,45.0,1,1,1,1,3,3,3,23,1,1,1,17,20,23,13,10,12,6,7,32,16,26,50,2,3,38,12,1,1,10,1,39:04
2024-25,1627826,Ivica Zubac,Ivica,1610612746,LAC,LA Clippers,0022400071,2024-10-23,LAC vs. PHX,L,33.80833333333333,8,13,0.615,0,0,0.0,5,8,0.625,1,8,9,3,3,0,0,0,6,6,21,1,33.3,0,0,33.0,1,32,32,32,21,17,12,28,1,1,1,3,1,25,47,30,42,17,7,32,35,1,54,1,10,30,35,35,1,32,1,33:49
2024-25,1629614,Andrew Nembhard,Andrew,1610612754,IND,Indiana Pacers,0022400813,2025-02-23,IND vs. LAC,W,29.783333333333335,5,11,0.455,0,2,0.0,2,2,1.0,1,4,5,1,2,1,0,0,3,1,12,17,20.5,0,0,20.0,1,1,1,1,20,11,8,19,21,16,21,13,14,1,6,8,8,38,10,17,5,1,24,25,13,7,24,1,1,24,1,29:47
2024-25,1629614,Andrew Nembhard,Andrew,1610612754,IND,Indiana Pacers,0022400788,2025-02-20,IND vs. MEM,W,29.883333333333333,4,9,0.444,1,4,0.25,2,2,1.0,0,3,3,4,1,2,0,0,2,4,11,7,25.6,0,0,23.0,1,1,1,1,19,15,16,21,10,4,16,13,14,1,16,11,17,19,21,6,5,1,13,2,16,14,16,1,1,16,1,29:53
2024-25,1629614,Andrew Nembhard,Andrew,1610612754,IND,Indiana Pacers,0022400771,2025-02-12,IND @ WAS,W,28.1,2,6,0.333,1,2,0.5,4,4,1.0,1,2,3,4,1,0,0,2,4,4,9,-9,17.6,0,0,17.0,1,1,1,1,29,31,27,29,10,16,8,4,8,1,6,18,17,19,21,30,5,35,31,2,23,32,31,1,1,28,1,28:06
2024-25,1629614,Andrew Nembhard,Andrew,1610612754,IND,Indiana Pacers,0022400765,2025-02-11,IND vs. NYK,L,29.531666666666666,3,8,0.375,0,2,0.0,2,2,1.0,0,1,1,2,1,3,0,0,2,4,8,-13,20.2,0,0,17.0,1,27,27,27,22,22,20,24,21,16,21,13,14,1,16,30,32,34,21,1,5,1,13,2,25,35,26,1,1,28,1,29:32
2024-25,1629614,Andrew Nembhard,Andrew,1610612754,IND,Indiana Pacers,0022400742,2025-02-08,IND @ LAL,L,21.75,0,1,0.0,0,1,0.0,2,2,1.0,0,0,0,3,3,1,0,0,5,1,2,-11,6.5,0,0,7.0,1,27,27,27,33,39,38,39,21,31,21,13,14,1,16,37,37,27,5,17,5,1,36,25,37,33,38,1,1,38,1,21:45
2024-25,1629614,Andrew Nembhard,Andrew,1610612754,IND,Indiana Pacers,0022400733,2025-02-06,IND @ LAC,W,31.083333333333332,2,9,0.222,0,3,0.0,0,0,0.0,2,1,3,2,1,2,0,2,2,0,4,6,15.6,0,0,13.0,1,1,1,1,14,31,16,37,21,9,21,28,30,28,2,30,17,34,21,6,5,35,13,34,35,16,33,1,1,34,1,31:05
2024-25,1629614,Andrew Nembhard,Andrew,1610612754,IND,Indiana Pacers,0022400716,2025-02-04,IND @ POR,L,27.216666666666665,6,10,0.6,0,1,0.0,5,6,0.833,0,6,6,2,4,2,1,2,4,3,17,-24,32.2,0,0,31.0,1,27,27,27,31,4,15,10,21,31,21,2,2,15,16,4,4,34,2,6,1,35,31,10,5,39,7,1,1,4,1,27:13
2024-25,1629614,Andrew Nembhard,Andrew,1610612754,IND,Indiana Pacers,0022400707,2025-02-03,IND @ UTA,W,29.666666666666668,4,5,0.8,2,3,0.667,0,0,0.0,0,3,3,8,1,2,0,0,4,1,10,-7,30.6,0,0,27.0,1,1,1,1,21,15,32,4,1,9,6,28,30,28,16,11,17,3,21,6,5,1,31,25,18,31,10,1,1,11,1,29:40
2024-25,1629614,Andrew Nembhard,Andrew,1610612754,IND,Indiana Pacers,0022400686,2025-02-01,IND vs. ATL,W,30.141666666666666,7,11,0.636,1,3,0.333,4,4,1.0,0,1,1,5,3,2,0,1,5,4,19,-2,30.7,0,0,30.0,1,1,1,1,17,2,8,7,10,9,15,4,8,1,16,30,32,15,5,6,5,23,36,2,2,26,9,1,1,6,1,30:09
2024-25,1629614,Andrew Nembhard,Andrew,1610612754,IND,Indiana Pacers,0022400633,2025-01-25,IND @ SAS,W,31.533333333333335,6,9,0.667,2,2,1.0,1,2,0.5,1,7,8,9,0,3,0,1,3,3,15,25,47.1,0,0,40.0,1,1,1,1,10,4,16,6,1,16,1,23,14,22,6,1,2,1,35,1,5,23,24,10,8,1,1,1,1,2,1,31:32
2024-25,1629614,Andrew Nembhard,Andrew,1610612754,IND,Indiana Pacers,0022400621,2025-01-23,IND @ SAS,L,26.5,3,8,0.375,0,3,0.0,2,2,1.0,2,2,4,8,1,3,0,0,1,2,8,-11,32.8,0,0,26.0,1,27,27,27,32,22,20,24,21,9,21,13,14,1,2,18,10,3,21,1,5,1,5,17,25,33,5,1,1,12,1,26:30
2024-25,1629614,Andrew Nembhard,Andrew,1610612754,IND,Indiana Pacers,0022400588,2025-01-18,IND vs. PHI,W,28.45,3,6,0.5,1,2,0.5,0,2,0.0,0,1,1,3,1,0,0,0,5,1,7,3,11.7,0,0,12.0,1,1,1,1,27,22,27,14,10,16,8,28,14,28,16,30,32,27,21,30,5,1,36,25,30,23,36,1,1,35,1,28:27
2024-25,1629614,Andrew Nembhard,Andrew,1610612754,IND,Indiana Pacers,0022400572,2025-01-16,IND @ DET,W,41.0,4,11,0.364,0,3,0.0,4,6,0.667,0,4,4,6,3,3,0,2,2,3,12,9,31.8,0,0,28.0,1,1,1,1,1,15,8,28,21,9,21,4,2,21,16,8,10,13,5,1,5,35,13,10,13,13,8,1,1,9,1,41:00
2024-25,1629614,Andrew Nembhard,Andrew,1610612754,IND,Indiana Pacers,0022400554,2025-01-14,IND vs. CLE,L,32.96666666666667,4,12,0.333,0,1,0.0,2,5,0.4,1,3,4,9,2,3,0,1,1,4,10,-18,35.3,0,0,29.0,1,27,27,27,8,15,4,29,21,31,21,13,5,27,6,11,10,1,10,1,5,23,5,2,18,36,4,1,1,7,1,32:58
2024-25,1629614,Andrew Nembhard,Andrew,1610612754,IND,Indiana Pacers,0022400543,2025-01-12,IND @ CLE,W,28.166666666666668,7,11,0.636,2,4,0.5,3,4,0.75,0,2,2,4,3,2,0,1,2,2,19,-4,30.4,0,0,31.0,1,1,1,1,28,2,8,7,1,4,8,11,8,19,16,18,24,19,5,6,5,23,13,17,2,29,11,1,1,4,1,28:10
2024-25,1629614,Andrew Nembhard,Andrew,1610612754,IND,Indiana Pacers,0022400525,2025-01-10,IND vs. GSW,W,29.183333333333334,2,6,0.333,0,0,0.0,0,2,0.0,2,2,4,5,1,1,0,0,1,2,4,12,18.3,0,0,15.0,1,1,1,1,23,31,27,29,21,38,21,28,14,28,2,18,10,15,21,17,5,1,5,17,35,8,29,1,1,32,1,29:11
2024-25,1629614,Andrew Nembhard,Andrew,1610612754,IND,Indiana Pacers,0022400510,2025-01-08,IND vs. CHI,W,31.083333333333332,5,11,0.455,0,3,0.0,4,5,0.8,0,6,6,5,2,2,0,1,3,5,14,20,32.7,0,0,29.0,1,1,1,1,14,11,8,19,21,9,21,4,5,17,16,4,4,15,10,6,5,23,24,1,10,4,6,1,1,7,1,31:05
2024-25,1629614,Andrew Nembhard,Andrew,1610612754,IND,Indiana Pacers,0022400495,2025-01-06,IND @ BKN,W,31.27166666666667,3,8,0.375,1,4,0.25,1,2,0.5,0,5,5,3,1,2,0,1,2,1,8,12,23.5,0,0,21.0,1,1,1,1,13,22,20,24,10,4,16,23,14,22,16,7,8,27,21,6,5,23,13,25,25,8,20,1,1,21,1,31:16
2024-25,1629614,Andrew Nembhard,Andrew,1610612754,IND,Indiana Pacers,0022400480,2025-01-04,IND vs. PHX,W,30.116666666666667,3,3,1.0,2,2,1.0,1,2,0.5,1,2,3,7,2,1,0,0,4,1,9,20,24.1,0,0,23.0,1,1,1,1,18,22,36,1,1,16,1,23,14,22,6,18,17,7,10,17,5,1,31,25,23,4,19,1,1,16,1,30:07
2024-25,1629614,Andrew Nembhard,Andrew,1610612754,IND,Indiana Pacers,0022400463,2025-01-02,IND @ MIA,W,29.116666666666667,3,7,0.429,0,2,0.0,0,0,0.0,3,3,6,6,0,1,0,0,1,2,6,10,25.2,0,0,20.0,1,1,1,1,24,22,26,23,21,16,21,28,30,28,1,11,4,13,35,17,5,1,5,17,31,11,17,1,1,24,1,29:07
2024-25,1629614,Andrew Nembhard,Andrew,1610612754,IND,Indiana Pacers,0022400450,2024-12-31,IND vs. MIL,L,31.666666666666668,4,14,0.286,2,5,0.4,0,0,0.0,0,2,2,3,2,0,0,0,4,3,10,2,14.9,0,0,17.0,1,27,27,27,9,15,2,34,1,1,13,28,30,28,16,18,24,27,10,30,5,1,31,10,18,25,34,1,1,28,1,31:40
2024-25,1629614,Andrew Nembhard,Andrew,1610612754,IND,Indiana Pacers,0022400437,2024-12-29,IND @ BOS,W,33.28333333333333,6,12,0.5,1,1,1.0,4,5,0.8,1,7,8,8,2,0,1,0,3,3,17,23,39.6,0,0,36.0,1,1,1,1,5,4,4,14,10,31,1,4,5,17,6,1,2,3,10,30,1,1,24,10,5,3,3,1,1,3,1,33:17
2024-25,1629614,Andrew Nembhard,Andrew,1610612754,IND,Indiana Pacers,0022400410,2024-12-26,IND vs. OKC,L,28.6,9,17,0.529,1,5,0.2,4,4,1.0,2,7,9,7,2,0,1,1,2,2,23,-3,45.3,0,0,42.0,1,27,27,27,26,1,1,13,10,1,20,4,8,1,2,1,1,7,10,30,1,23,13,17,1,27,2,1,1,1,1,28:36
2024-25,1629614,Andrew Nembhard,Andrew,1610612754,IND,Indiana Pacers,0022400403,2024-12-23,IND @ GSW,W,33.31666666666667,6,13,0.462,1,4,0.25,2,2,1.0,1,3,4,3,4,0,0,3,2,1,15,4,20.3,0,0,23.0,1,1,1,1,4,4,3,18,10,4,16,13,14,1,6,11,10,27,2,30,5,39,13,25,8,21,25,1,1,16,1,33:19
2024-25,1629614,Andrew Nembhard,Andrew,1610612754,IND,Indiana Pacers,0022400389,2024-12-22,IND @ SAC,W,18.833333333333332,5,6,0.833,2,2,1.0,0,0,0.0,0,1,1,4,2,1,1,0,1,0,12,10,23.2,0,0,23.0,1,1,1,1,37,11,27,3,1,16,1,28,30,28,16,30,32,19,10,17,1,1,5,34,13,11,22,1,1,16,1,18:50
2024-25,1629614,Andrew Nembhard,Andrew,1610612754,IND,Indiana Pacers,0022400369,2024-12-19,IND @ PHX,W,33.03333333333333,6,12,0.5,2,2,1.0,5,6,0.833,0,1,1,4,0,1,0,1,0,4,19,11,29.2,0,0,28.0,1,1,1,1,7,4,4,14,1,16,1,2,2,15,16,30,32,19,35,17,5,23,1,2,2,10,12,1,1,9,1,33:02
2024-25,1629614,Andrew Nembhard,Andrew,1610612754,IND,Indiana Pacers,0022401216,2024-12-15,IND vs. NOP,W,27.6,5,8,0.625,0,2,0.0,7,7,1.0,1,1,2,7,5,0,0,0,1,4,17,18,24.9,0,0,26.0,1,1,1,1,30,11,20,9,21,16,21,1,1,1,6,30,24,7,1,30,5,1,5,2,5,6,18,1,1,12,1,27:36
2024-25,1629614,Andrew Nembhard,Andrew,1610612754,IND,Indiana Pacers,0022401209,2024-12-13,IND @ PHI,W,33.266666666666666,2,6,0.333,0,2,0.0,1,2,0.5,0,4,4,7,1,0,0,0,2,2,5,24,19.3,0,0,16.0,1,1,1,1,6,31,27,29,21,16,21,23,14,22,16,8,10,7,21,30,5,1,13,17,33,2,27,1,1,31,1,33:16
2024-25,1629614,Andrew Nembhard,Andrew,1610612754,IND,Indiana Pacers,0022400349,2024-12-08,IND vs. CHA,L,30.653333333333332,3,5,0.6,2,3,0.667,2,2,1.0,1,3,4,3,4,1,0,0,1,1,10,-5,18.3,0,0,21.0,1,27,27,27,16,22,32,10,1,9,6,13,14,1,6,11,10,27,2,17,5,1,5,25,18,30,29,1,1,21,1,30:39
2024-25,1629614,Andrew Nembhard,Andrew,1610612754,IND,Indiana Pacers,0022400336,2024-12-06,IND @ CHI,W,21.616666666666667,4,5,0.8,0,1,0.0,0,0,0.0,0,6,6,4,1,2,0,0,1,0,8,4,26.2,0,0,22.0,1,1,1,1,34,15,32,4,21,31,21,28,30,28,16,4,4,19,21,6,5,1,5,34,25,21,15,1,1,20,1,21:37
2024-25,1629614,Andrew Nembhard,Andrew,1610612754,IND,Indiana Pacers,0022400054,2024-12-03,IND @ TOR,L,18.85,1,5,0.2,0,1,0.0,4,4,1.0,0,0,0,4,2,1,0,0,2,3,6,-18,13.0,0,0,12.0,1,27,27,27,36,36,32,38,21,31,21,4,8,1,16,37,37,19,10,17,5,1,13,10,31,36,35,1,1,35,1,18:51
2024-25,1629614,Andrew Nembhard,Andrew,1610612754,IND,Indiana Pacers,0022400306,2024-12-01,IND @ MEM,L,14.75,6,11,0.545,2,5,0.4,0,0,0.0,0,2,2,4,0,2,0,1,2,0,14,5,28.4,0,0,26.0,1,27,27,27,38,4,8,12,1,1,13,28,30,28,16,18,24,19,35,6,5,23,13,34,10,19,13,1,1,12,1,14:45
2024-25,1629614,Andrew Nembhard,Andrew,1610612754,IND,Indiana Pacers,0022400170,2024-11-06,IND vs. ORL,W,31.35,2,8,0.25,1,2,0.5,0,0,0.0,0,2,2,5,1,1,0,1,3,2,5,5,16.9,0,0,15.0,1,1,1,1,12,31,20,36,10,16,8,28,30,28,16,18,24,15,21,17,5,23,24,17,33,19,32,1,1,32,1,31:21
2024-25,1629614,Andrew Nembhard,Andrew,1610612754,IND,Indiana Pacers,0022400165,2024-11-04,IND @ DAL,W,28.8,4,9,0.444,1,2,0.5,2,2,1.0,1,2,3,3,0,0,0,1,3,1,11,7,19.1,0,0,18.0,1,1,1,1,25,15,16,21,10,16,8,13,14,1,6,18,17,27,35,30,5,23,24,25,16,14,28,1,1,27,1,28:48
2024-25,1629614,Andrew Nembhard,Andrew,1610612754,IND,Indiana Pacers,0022400119,2024-10-30,IND vs. BOS,W,5.05,1,1,1.0,0,0,0.0,0,0,0.0,0,0,0,1,1,1,0,0,0,0,2,3,5.5,0,0,5.0,1,1,1,1,39,36,38,1,21,38,21,28,30,28,16,37,37,38,21,17,5,1,1,34,37,23,39,1,1,39,1,5:03
2024-25,1629614,Andrew Nembhard,Andrew,1610612754,IND,Indiana Pacers,0022400102,2024-10-28,IND @ ORL,L,33.715,6,12,0.5,0,1,0.0,1,2,0.5,0,3,3,7,2,1,0,1,0,2,13,-3,28.1,0,0,25.0,1,27,27,27,3,4,4,14,21,31,21,23,14,22,16,11,17,7,10,17,5,23,1,17,12,27,14,1,1,15,1,33:43
2024-25,1629614,Andrew Nembhard,Andrew,1610612754,IND,Indiana Pacers,0022400097,2024-10-27,IND vs. PHI,L,31.41,3,11,0.273,1,4,0.25,3,4,0.75,0,2,2,8,1,0,0,0,6,3,10,6,23.4,0,0,21.0,1,27,27,27,11,22,8,35,10,4,16,11,8,19,16,18,24,3,21,30,5,1,39,10,18,16,21,1,1,21,1,31:25
2024-25,1629614,Andrew Nembhard,Andrew,1610612754,IND,Indiana Pacers,0022400081,2024-10-25,IND @ NYK,L,21.426666666666666,1,3,0.333,0,2,0.0,0,0,0.0,0,2,2,2,3,2,0,0,0,0,2,-20,10.4,0,0,10.0,1,27,27,27,35,36,36,29,21,16,21,28,30,28,16,18,24,34,5,6,5,1,1,34,37,38,37,1,1,37,1,21:26
2024-25,1629614,Andrew Nembhard,Andrew,1610612754,IND,Indiana Pacers,0022400063,2024-10-23,IND @ DET,W,34.81333333333333,3,8,0.375,0,2,0.0,2,2,1.0,0,2,2,7,2,1,0,0,3,4,8,6,21.9,0,0,19.0,1,1,1,1,2,22,20,24,21,16,21,13,14,1,16,18,24,7,10,17,5,1,24,2,25,16,23,1,1,26,1,34:49
2024-25,1630174,Aaron Nesmith,Aaron,1610612754,IND,Indiana Pacers,0022400813,2025-02-23,IND vs. LAC,W,24.716666666666665,7,11,0.636,2,5,0.4,3,3,1.0,2,4,6,1,0,0,0,1,2,3,19,17,27.7,0,0,28.0,1,1,1,1,6,1,1,5,2,2,10,5,5,1,2,4,5,9,11,9,7,15,7,2,1,5,3,1,1,2,1,24:43
2024-25,1630174,Aaron Nesmith,Aaron,1610612754,IND,Indiana Pacers,0022400788,2025-02-20,IND vs. MEM,W,24.316666666666666,4,8,0.5,3,5,0.6,2,2,1.0,3,4,7,1,0,0,1,1,3,1,13,19,25.9,0,0,26.0,1,1,1,1,7,4,5,8,1,2,6,7,7,1,1,4,2,9,11,9,1,15,10,11,2,4,4,1,1,4,1,24:19
2024-25,1630174,Aaron Nesmith,Aaron,1610612754,IND,Indiana Pacers,0022400771,2025-02-12,IND @ WAS,W,20.735,3,6,0.5,2,3,0.667,0,0,0.0,0,1,1,1,1,1,1,0,3,0,8,-14,15.7,0,0,16.0,1,1,1,1,11,9,8,8,2,6,3,12,12,12,11,14,16,9,4,4,1,1,10,17,12,18,11,1,1,9,1,20:44
2024-25,1630174,Aaron Nesmith,Aaron,1610612754,IND,Indiana Pacers,0022400765,2025-02-11,IND vs. NYK,L,13.433333333333334,0,3,0.0,0,2,0.0,0,0,0.0,0,0,0,3,0,1,0,0,4,1,0,-9,7.5,0,0,5.0,1,13,13,13,17,18,19,18,14,11,14,12,12,12,11,19,19,1,11,4,7,1,15,11,19,15,18,1,1,20,1,13:26
2024-25,1630174,Aaron Nesmith,Aaron,1610612754,IND,Indiana Pacers,0022400742,2025-02-08,IND @ LAL,L,21.346666666666668,3,9,0.333,0,6,0.0,0,0,0.0,1,4,5,2,1,1,0,0,2,0,6,7,17.0,0,0,15.0,1,13,13,13,9,9,2,15,14,1,14,12,12,12,3,4,6,4,4,4,7,1,7,17,14,9,8,1,1,13,1,21:21
2024-25,1630174,Aaron Nesmith,Aaron,1610612754,IND,Indiana Pacers,0022400733,2025-02-06,IND @ LAC,W,20.5,0,3,0.0,0,2,0.0,4,4,1.0,0,3,3,3,0,0,0,0,0,3,4,-8,12.1,0,0,10.0,1,1,1,1,12,18,19,18,14,11,14,2,4,1,11,9,9,1,11,9,7,1,1,2,16,14,15,1,1,16,1,20:30
2024-25,1630174,Aaron Nesmith,Aaron,1610612754,IND,Indiana Pacers,0022400716,2025-02-04,IND @ POR,L,16.565,2,5,0.4,1,2,0.5,0,0,0.0,0,0,0,2,1,2,0,0,1,1,5,-9,13.0,0,0,12.0,1,13,13,13,16,13,10,13,9,11,7,12,12,12,11,19,19,4,4,2,7,1,4,11,15,15,14,1,1,14,1,16:34
2024-25,1630174,Aaron Nesmith,Aaron,1610612754,IND,Indiana Pacers,0022400707,2025-02-03,IND @ UTA,W,25.716666666666665,4,6,0.667,1,3,0.333,4,5,0.8,1,6,7,2,1,3,1,0,3,3,13,10,35.4,0,0,31.0,1,1,1,1,5,4,8,4,9,6,12,2,2,10,3,2,2,4,4,1,1,1,10,2,2,7,1,1,1,1,1,25:43
2024-25,1630174,Aaron Nesmith,Aaron,1610612754,IND,Indiana Pacers,0022400686,2025-02-01,IND vs. ATL,W,23.3,4,8,0.5,2,5,0.4,3,3,1.0,0,2,2,1,0,0,0,0,4,2,13,21,16.9,0,0,18.0,1,1,1,1,8,4,5,8,2,2,10,5,5,1,11,11,12,9,11,9,7,1,15,6,2,2,9,1,1,6,1,23:18
2024-25,1630174,Aaron Nesmith,Aaron,1610612754,IND,Indiana Pacers,0022400664,2025-01-29,IND vs. DET,W,32.11333333333334,0,4,0.0,0,2,0.0,0,0,0.0,1,2,3,2,0,0,1,0,2,2,0,20,9.6,0,0,7.0,1,1,1,1,1,18,15,18,14,11,14,12,12,12,3,11,9,4,11,9,1,1,7,6,19,3,17,1,1,17,1,32:07
2024-25,1630174,Aaron Nesmith,Aaron,1610612754,IND,Indiana Pacers,0022400633,2025-01-25,IND @ SAS,W,20.766666666666666,4,7,0.571,1,3,0.333,0,0,0.0,1,4,5,2,2,0,0,0,3,1,9,22,16.0,0,0,17.0,1,1,1,1,10,4,7,6,9,6,12,12,12,12,3,4,6,4,1,9,7,1,10,11,10,1,10,1,1,7,1,20:46
2024-25,1630174,Aaron Nesmith,Aaron,1610612754,IND,Indiana Pacers,0022400621,2025-01-23,IND @ SAS,L,18.966666666666665,1,5,0.2,0,2,0.0,1,1,1.0,0,3,3,1,2,0,0,2,1,1,3,-18,6.1,0,0,7.0,1,13,13,13,13,17,10,17,14,11,14,10,10,1,11,9,9,9,1,9,7,20,4,11,18,20,19,1,1,17,1,18:58
2024-25,1630174,Aaron Nesmith,Aaron,1610612754,IND,Indiana Pacers,0022400588,2025-01-18,IND vs. PHI,W,10.783333333333333,4,5,0.8,2,3,0.667,2,2,1.0,0,2,2,0,0,0,0,0,0,2,12,11,14.4,0,0,16.0,1,1,1,1,18,4,10,2,2,6,3,7,7,1,11,11,12,17,11,9,7,1,1,6,5,6,12,1,1,9,1,10:47
2024-25,1630174,Aaron Nesmith,Aaron,1610612754,IND,Indiana Pacers,0022400572,2025-01-16,IND @ DET,W,9.3,3,4,0.75,2,3,0.667,1,1,1.0,0,1,1,0,0,0,0,0,1,0,9,4,10.2,0,0,12.0,1,1,1,1,20,9,15,3,2,6,3,10,10,1,11,14,16,17,11,9,7,1,4,17,10,11,16,1,1,14,1,9:18
2024-25,1630174,Aaron Nesmith,Aaron,1610612754,IND,Indiana Pacers,0022400138,2024-11-01,IND @ NOP,L,10.066666666666666,5,5,1.0,2,2,1.0,0,0,0.0,0,1,1,1,1,0,0,0,0,1,12,7,13.7,0,0,16.0,1,13,13,13,19,2,10,1,2,11,1,12,12,12,11,14,16,9,4,9,7,1,1,11,5,9,13,1,1,9,1,10:04
2024-25,1630174,Aaron Nesmith,Aaron,1610612754,IND,Indiana Pacers,0022400119,2024-10-30,IND vs. BOS,W,30.366666666666667,5,9,0.556,2,4,0.5,0,0,0.0,1,7,8,3,1,0,1,0,6,2,12,10,28.1,0,0,27.0,1,1,1,1,3,2,2,7,2,5,7,12,12,12,3,1,1,1,4,9,1,1,19,6,5,7,2,1,1,3,1,30:22
2024-25,1630174,Aaron Nesmith,Aaron,1610612754,IND,Indiana Pacers,0022400102,2024-10-28,IND @ ORL,L,30.9,3,9,0.333,0,1,0.0,4,6,0.667,0,4,4,1,0,1,0,1,6,4,10,-10,19.3,0,0,17.0,1,13,13,13,2,9,2,15,14,18,14,2,1,11,11,4,8,9,11,4,7,15,19,1,8,17,6,1,1,7,1,30:54
2024-25,1630174,Aaron Nesmith,Aaron,1610612754,IND,Indiana Pacers,0022400097,2024-10-27,IND vs. PHI,L,28.416666666666668,2,4,0.5,1,1,1.0,5,5,1.0,1,6,7,1,2,1,0,0,5,3,10,-1,20.9,0,0,21.0,1,13,13,13,4,13,15,8,9,18,1,1,2,1,3,2,2,9,1,4,7,1,18,2,8,12,5,1,1,5,1,28:25
2024-25,1630174,Aaron Nesmith,Aaron,1610612754,IND,Indiana Pacers,0022400081,2024-10-25,IND @ NYK,L,17.716666666666665,2,5,0.4,0,1,0.0,0,0,0.0,1,1,2,0,1,0,0,1,3,0,4,-14,5.4,0,0,6.0,1,13,13,13,15,13,10,13,14,18,14,12,12,12,3,14,12,17,4,9,7,15,10,17,16,18,20,1,1,19,1,17:43
2024-25,1630174,Aaron Nesmith,Aaron,1610612754,IND,Indiana Pacers,0022400063,2024-10-23,IND @ DET,W,18.755,2,4,0.5,1,2,0.5,2,2,1.0,1,1,2,0,0,2,1,1,4,2,7,-1,18.4,0,0,16.0,1,1,1,1,14,13,15,8,9,11,7,7,7,1,3,14,12,17,11,2,1,15,15,6,13,12,7,1,1,9,1,18:45
