Player,Opponent Team,Home Team,Stat Type,Prop Line,R^2 Value,Variance (Last 10),Over Probability,Under Probability,Predicted Distribution
Jalen Brunson,PHI,PHI,points,26.5,0.681706751397923,44.011111111111106,0.27528089887640456,0.7191011235955058,"{-4: 0.0, -3: 0.0, -2: 0.0, -1: 0.0, 0: 0.0, 1: 0.0, 2: 0.0, 3: 0.0, 4: 0.011235955056179803, 5: 0.0, 6: 0.0, 7: 0.016853932584269593, 8: 0.005617977528089901, 9: 0.0, 10: 0.022471910112359605, 11: 0.011235955056179692, 12: 0.022471910112359605, 13: 0.061797752808988804, 14: 0.028089887640449396, 15: 0.028089887640449396, 16: 0.0449438202247191, 17: 0.022471910112359605, 18: 0.0449438202247191, 19: 0.0393258426966292, 20: 0.0393258426966292, 21: 0.061797752808988804, 22: 0.050561797752808946, 23: 0.0449438202247191, 24: 0.039325842696629254, 25: 0.050561797752808946, 26: 0.07303370786516855, 27: 0.07865168539325842, 28: 0.0449438202247191, 29: 0.03370786516853934, 30: 0.0449438202247191, 31: 0.011235955056179775, 32: 0.02247191011235955, 33: 0.011235955056179775, 34: 0.0056179775280898875, 35: 0.0056179775280898875, 36: 0.0056179775280898875, 37: 0.0, 38: 0.0, 39: 0.0, 40: 0.0, 41: 0.0056179775280898875, 42: 0.0056179775280898875, 43: 0.0}"
Karl-Anthony Towns,PHI,PHI,points,24.5,0.7274799287859568,104.27777777777777,0.5089285714285713,0.4821428571428572,"{0: 0.0, 1: 0.0, 2: 0.0, 3: 0.0, 4: 0.0, 5: 0.008928571428571508, 6: 0.008928571428571397, 7: 0.008928571428571397, 8: 0.0, 9: 0.0267857142857143, 10: 0.0267857142857143, 11: 0.008928571428571397, 12: 0.017857142857142905, 13: 0.0267857142857143, 14: 0.017857142857142794, 15: 0.008928571428571397, 16: 0.0267857142857143, 17: 0.044642857142857206, 18: 0.017857142857142794, 19: 0.044642857142857206, 20: 0.008928571428571397, 21: 0.0535714285714286, 22: 0.0357142857142857, 23: 0.0357142857142857, 24: 0.0535714285714286, 25: 0.0357142857142857, 26: 0.05357142857142855, 27: 0.07142857142857145, 28: 0.04464285714285715, 29: 0.06249999999999997, 30: 0.0625, 31: 0.035714285714285726, 32: 0.0, 33: 0.03571428571428571, 34: 0.008928571428571425, 35: 0.01785714285714285, 36: 0.017857142857142863, 37: 0.017857142857142856, 38: 0.0, 39: 0.008928571428571432, 40: 0.017857142857142856, 41: 0.0, 42: 0.0, 43: 0.0, 44: 0.0, 45: 0.0, 46: 0.008928571428571428, 47: 0.0, 48: 0.0, 49: 0.0, 50: 0.0, 51: 0.008928571428571428, 52: 0.0}"
OG Anunoby,PHI,PHI,points,13.5,0.8219776676181894,41.37777777777777,0.34,0.62,"{0: 0.020000000000000018, 1: 0.039999999999999925, 2: 0.020000000000000018, 3: 0.040000000000000036, 4: 0.0, 5: 0.0, 6: 0.14, 7: 0.039999999999999925, 8: 0.0, 9: 0.020000000000000018, 10: 0.12, 11: 0.040000000000000036, 12: 0.06, 13: 0.07999999999999996, 14: 0.06, 15: 0.060000000000000026, 16: 0.01999999999999999, 17: 0.1, 18: 0.04000000000000001, 19: 0.019999999999999997, 20: 0.04, 21: 0.0}"
Josh Hart,PHI,PHI,points,15.5,0.6431298476117764,8.622222222222222,0.22784810126582278,0.7721518987341772,"{6: 0.025316455696202556, 7: 0.012658227848101222, 8: 0.03797468354430378, 9: 0.07594936708860767, 10: 0.10126582278481011, 11: 0.07594936708860756, 12: 0.12658227848101267, 13: 0.06329113924050633, 14: 0.10126582278481011, 15: 0.15189873417721522, 16: 0.08860759493670886, 17: 0.07594936708860758, 18: 0.025316455696202535, 19: 0.025316455696202535, 20: 0.0, 21: 0.0, 22: 0.012658227848101266, 23: 0.0}"
Paul George,NYK,PHI,points,17.5,0.7919101981600039,69.65555555555555,0.42592592592592593,0.5555555555555556,"{-1: 0.0, 0: 0.0, 1: 0.0, 2: 0.0, 3: 0.0185185185185186, 4: 0.01851851851851849, 5: 0.01851851851851849, 6: 0.01851851851851849, 7: 0.0185185185185186, 8: 0.01851851851851849, 9: 0.01851851851851849, 10: 0.05555555555555558, 11: 0.01851851851851849, 12: 0.03703703703703709, 13: 0.09259259259259256, 14: 0.05555555555555558, 15: 0.05555555555555547, 16: 0.11111111111111116, 17: 0.0, 18: 0.05555555555555558, 19: 0.0, 20: 0.09259259259259256, 21: 0.03703703703703706, 22: 0.07407407407407407, 23: 0.018518518518518517, 24: 0.0, 25: 0.037037037037037035, 26: 0.05555555555555555, 27: 0.037037037037037035, 28: 0.0, 29: 0.0, 30: 0.018518518518518517, 31: 0.0}"
Tyrese Maxey,NYK,PHI,points,27.5,0.5186372835342399,113.60000000000001,0.5820895522388061,0.417910447761194,"{11: 0.014925373134328401, 12: 0.02985074626865669, 13: 0.0, 14: 0.01492537313432829, 15: 0.0, 16: 0.014925373134328401, 17: 0.014925373134328401, 18: 0.0, 19: 0.01492537313432829, 20: 0.014925373134328401, 21: 0.014925373134328401, 22: 0.05970149253731338, 23: 0.04477611940298509, 24: 0.01492537313432829, 25: 0.04477611940298509, 26: 0.07462686567164178, 27: 0.04477611940298509, 28: 0.04477611940298509, 29: 0.05970149253731344, 30: 0.05970149253731344, 31: 0.04477611940298504, 32: 0.029850746268656747, 33: 0.05970149253731344, 34: 0.014925373134328346, 35: 0.07462686567164178, 36: 0.014925373134328374, 37: 0.044776119402985065, 38: 0.02985074626865672, 39: 0.01492537313432836, 40: 0.0, 41: 0.01492537313432836, 42: 0.044776119402985065, 43: 0.0, 44: 0.0, 45: 0.014925373134328358, 46: 0.0, 47: 0.0, 48: 0.014925373134328358, 49: 0.0}"
Mikal Bridges,PHI,PHI,points,15.5,0.7196850167724711,15.066666666666666,0.7384615384615383,0.2615384615384615,"{10: 0.03076923076923077, 11: 0.03076923076923077, 12: 0.0, 13: 0.06153846153846154, 14: 0.0461538461538461, 15: 0.09230769230769231, 16: 0.18461538461538463, 17: 0.1076923076923077, 18: 0.07692307692307693, 19: 0.07692307692307693, 20: 0.07692307692307693, 21: 0.03076923076923077, 22: 0.07692307692307693, 23: 0.03076923076923077, 24: 0.03076923076923077, 25: 0.0, 26: 0.015384615384615385, 27: 0.0, 28: 0.0, 29: 0.015384615384615385, 30: 0.015384615384615385, 31: 0.0}"
Scottie Barnes,IND,TOR,points,20.5,0.7536460287322372,37.12222222222223,0.5223880597014925,0.4776119402985075,"{2: 0.014925373134328401, 3: 0.0, 4: 0.0, 5: 0.0, 6: 0.0, 7: 0.0, 8: 0.0, 9: 0.01492537313432829, 10: 0.014925373134328401, 11: 0.02985074626865669, 12: 0.04477611940298509, 13: 0.07462686567164178, 14: 0.02985074626865669, 15: 0.02985074626865669, 16: 0.029850746268656803, 17: 0.05970149253731338, 18: 0.059701492537313494, 19: 0.04477611940298498, 20: 0.029850746268656803, 21: 0.05970149253731338, 22: 0.05970149253731344, 23: 0.08955223880597013, 24: 0.04477611940298509, 25: 0.07462686567164178, 26: 0.0746268656716418, 27: 0.0, 28: 0.02985074626865672, 29: 0.04477611940298507, 30: 0.0, 31: 0.0, 32: 0.0, 33: 0.0, 34: 0.029850746268656712, 35: 0.0, 36: 0.0, 37: 0.014925373134328358, 38: 0.0}"
RJ Barrett,IND,TOR,points,20.5,0.44996457043497984,71.3777777777778,0.5800000000000002,0.4,"{-6: 0.0, -5: 0.0, -4: 0.0, -3: 0.0, -2: 0.0, -1: 0.0, 0: 0.0, 1: 0.0, 2: 0.0, 3: 0.020000000000000018, 4: 0.0, 5: 0.020000000000000018, 6: 0.0, 7: 0.0, 8: 0.019999999999999907, 9: 0.020000000000000018, 10: 0.0, 11: 0.0, 12: 0.08000000000000007, 13: 0.019999999999999907, 14: 0.040000000000000036, 15: 0.07999999999999996, 16: 0.020000000000000018, 17: 0.06000000000000005, 18: 0.0, 19: 0.0, 20: 0.020000000000000018, 21: 0.05999999999999994, 22: 0.0, 23: 0.06, 24: 0.0, 25: 0.0, 26: 0.020000000000000018, 27: 0.06, 28: 0.03999999999999998, 29: 0.020000000000000018, 30: 0.03999999999999998, 31: 0.0, 32: 0.060000000000000026, 33: 0.01999999999999999, 34: 0.04000000000000001, 35: 0.01999999999999999, 36: 0.04000000000000001, 37: 0.020000000000000004, 38: 0.020000000000000004, 39: 0.0, 40: 0.0, 41: 0.0, 42: 0.019999999999999997, 43: 0.0, 44: 0.0, 45: 0.0, 46: 0.0, 47: 0.0, 48: 0.0, 49: 0.0, 50: 0.0, 51: 0.0, 52: 0.0, 53: 0.02, 54: 0.0, 55: 0.02, 56: 0.0}"
Myles Turner,TOR,TOR,points,16.5,0.6495328766239499,42.84444444444444,0.5108695652173915,0.48913043478260865,"{2: 0.010869565217391353, 3: 0.0, 4: 0.0, 5: 0.0, 6: 0.0, 7: 0.010869565217391242, 8: 0.021739130434782594, 9: 0.021739130434782594, 10: 0.021739130434782705, 11: 0.04347826086956519, 12: 0.05434782608695654, 13: 0.13043478260869557, 14: 0.03260869565217395, 15: 0.04347826086956519, 16: 0.09782608695652173, 17: 0.07608695652173919, 18: 0.10869565217391303, 19: 0.07608695652173914, 20: 0.043478260869565216, 21: 0.05434782608695651, 22: 0.05434782608695653, 23: 0.04347826086956522, 24: 0.0, 25: 0.021739130434782608, 26: 0.010869565217391304, 27: 0.010869565217391304, 28: 0.0, 29: 0.0, 30: 0.010869565217391304, 31: 0.0}"
Gradey Dick,IND,TOR,points,13.5,0.3605094969357432,73.61111111111111,0.4662921348314607,0.5224719101123596,"{0: 0.0, 1: 0.016853932584269593, 2: 0.011235955056179803, 3: 0.016853932584269704, 4: 0.016853932584269593, 5: 0.011235955056179803, 6: 0.0449438202247191, 7: 0.0393258426966292, 8: 0.050561797752809, 9: 0.0786516853932584, 10: 0.03370786516853941, 11: 0.0393258426966292, 12: 0.06179775280898869, 13: 0.10112359550561806, 14: 0.06741573033707865, 15: 0.0449438202247191, 16: 0.05617977528089885, 17: 0.061797752808988776, 18: 0.028089887640449424, 19: 0.056179775280898875, 20: 0.02808988764044945, 21: 0.03932584269662921, 22: 0.02247191011235955, 23: 0.011235955056179775, 24: 0.016853932584269662, 25: 0.016853932584269662, 26: 0.0056179775280898875, 27: 0.0, 28: 0.011235955056179775, 29: 0.0}"
Tyrese Haliburton,TOR,TOR,points,18.5,0.5898050332165401,96.23333333333333,0.37974683544303806,0.620253164556962,"{7: 0.03797468354430378, 8: 0.025316455696202556, 9: 0.03797468354430378, 10: 0.06329113924050633, 11: 0.06329113924050633, 12: 0.012658227848101222, 13: 0.05063291139240511, 14: 0.08860759493670889, 15: 0.08860759493670889, 16: 0.03797468354430372, 17: 0.07594936708860761, 18: 0.03797468354430378, 19: 0.10126582278481017, 20: 0.08860759493670883, 21: 0.05063291139240508, 22: 0.01265822784810125, 23: 0.037974683544303806, 24: 0.025316455696202528, 25: 0.0, 26: 0.0, 27: 0.025316455696202535, 28: 0.012658227848101267, 29: 0.012658227848101266, 30: 0.012658227848101266, 31: 0.0}"
Pascal Siakam,TOR,TOR,points,21.5,0.40824382187210706,34.44444444444444,0.48251748251748255,0.5174825174825175,"{9: 0.006993006993006978, 10: 0.0, 11: 0.0, 12: 0.0, 13: 0.020979020979021046, 14: 0.013986013986013957, 15: 0.020979020979020935, 16: 0.04195804195804198, 17: 0.027972027972028024, 18: 0.0699300699300699, 19: 0.11888111888111885, 20: 0.07692307692307698, 21: 0.11888111888111885, 22: 0.11888111888111885, 23: 0.07692307692307693, 24: 0.05594405594405594, 25: 0.07692307692307693, 26: 0.034965034965034975, 27: 0.020979020979020976, 28: 0.02797202797202797, 29: 0.027972027972027975, 30: 0.02097902097902098, 31: 0.006993006993006994, 32: 0.013986013986013986, 33: 0.0}"
Andrew Nembhard,TOR,TOR,points,11.5,0.7410163677086901,17.65555555555555,0.29452054794520555,0.6986301369863013,"{-7: 0.0, -6: 0.0, -5: 0.006849315068493178, -4: 0.0, -3: 0.0, -2: 0.0, -1: 0.0, 0: 0.013698630136986245, 1: 0.006849315068493178, 2: 0.03424657534246578, 3: 0.020547945205479423, 4: 0.020547945205479423, 5: 0.0547945205479452, 6: 0.07534246575342463, 7: 0.0821917808219178, 8: 0.136986301369863, 9: 0.07534246575342474, 10: 0.0821917808219178, 11: 0.08904109589041093, 12: 0.05479452054794523, 13: 0.0547945205479452, 14: 0.0684931506849315, 15: 0.0273972602739726, 16: 0.03424657534246575, 17: 0.0273972602739726, 18: 0.00684931506849315, 19: 0.00684931506849315, 20: 0.00684931506849315, 21: 0.00684931506849315, 22: 0.0}"
Jayson Tatum,DET,BOS,points,28.5,0.6224712191711892,46.27777777777778,0.6176470588235292,0.38235294117647056,"{13: 0.014705882352941124, 14: 0.014705882352941235, 15: 0.0, 16: 0.0, 17: 0.0, 18: 0.014705882352941124, 19: 0.014705882352941235, 20: 0.044117647058823484, 21: 0.0, 22: 0.014705882352941235, 23: 0.044117647058823484, 24: 0.044117647058823595, 25: 0.02941176470588236, 26: 0.05882352941176461, 27: 0.044117647058823595, 28: 0.044117647058823484, 29: 0.044117647058823595, 30: 0.044117647058823484, 31: 0.014705882352941235, 32: 0.07352941176470584, 33: 0.02941176470588236, 34: 0.044117647058823484, 35: 0.08823529411764708, 36: 0.02941176470588236, 37: 0.05882352941176472, 38: 0.02941176470588233, 39: 0.04411764705882354, 40: 0.01470588235294118, 41: 0.014705882352941166, 42: 0.02941176470588236, 43: 0.014705882352941173, 44: 0.01470588235294118, 45: 0.014705882352941176, 46: 0.0, 47: 0.0, 48: 0.0, 49: 0.0, 50: 0.014705882352941176, 51: 0.0}"
Jalen Duren,BOS,BOS,points,11.5,0.5882891159439985,28.666666666666668,0.35151515151515145,0.6424242424242423,"{-1: 0.006060606060605989, 0: 0.0060606060606061, 1: 0.012121212121212088, 2: 0.024242424242424288, 3: 0.018181818181818188, 4: 0.030303030303030276, 5: 0.036363636363636376, 6: 0.07272727272727275, 7: 0.10909090909090902, 8: 0.09090909090909094, 9: 0.06666666666666665, 10: 0.09090909090909094, 11: 0.0787878787878788, 12: 0.10303030303030303, 13: 0.09090909090909091, 14: 0.054545454545454536, 15: 0.04242424242424242, 16: 0.024242424242424246, 17: 0.02424242424242424, 18: 0.0, 19: 0.006060606060606061, 20: 0.0, 21: 0.0, 22: 0.006060606060606061, 23: 0.0}"
Jalen Duren,BOS,BOS,rebounds,11.5,0.7065076113220544,17.733333333333334,0.12972972972972974,0.8594594594594596,"{-6: 0.010810810810810811, -5: 0.0, -4: 0.00540540540540535, -3: 0.010810810810810811, -2: 0.010810810810810811, -1: 0.016216216216216273, 0: 0.0, 1: 0.032432432432432434, 2: 0.07027027027027022, 3: 0.07027027027027033, 4: 0.10270270270270265, 5: 0.07027027027027033, 6: 0.07567567567567568, 7: 0.11351351351351346, 8: 0.08648648648648649, 9: 0.03783783783783784, 10: 0.0972972972972973, 11: 0.04864864864864865, 12: 0.05405405405405406, 13: 0.021621621621621623, 14: 0.021621621621621623, 15: 0.010810810810810811, 16: 0.016216216216216217, 17: 0.005405405405405406, 18: 0.0}"
Malik Beasley,BOS,BOS,points,13.5,0.43842860814043394,37.511111111111106,0.4000000000000001,0.5812499999999999,"{-8: 0.006249999999999978, -7: 0.0, -6: 0.0, -5: 0.012499999999999956, -4: 0.0, -3: 0.006249999999999978, -2: 0.018750000000000044, -1: 0.006249999999999978, 0: 0.025000000000000022, 1: 0.025000000000000022, 2: 0.025000000000000022, 3: 0.018749999999999933, 4: 0.025000000000000022, 5: 0.03125, 6: 0.050000000000000044, 7: 0.03125, 8: 0.06874999999999998, 9: 0.0625, 10: 0.05625000000000002, 11: 0.03749999999999998, 12: 0.03125, 13: 0.043749999999999956, 14: 0.03750000000000003, 15: 0.024999999999999967, 16: 0.05625000000000002, 17: 0.0625, 18: 0.04375000000000001, 19: 0.04374999999999998, 20: 0.018750000000000003, 21: 0.012499999999999997, 22: 0.02500000000000001, 23: 0.012499999999999997, 24: 0.006249999999999999, 25: 0.012500000000000004, 26: 0.012499999999999997, 27: 0.0, 28: 0.006249999999999999, 29: 0.0, 30: 0.0125, 31: 0.0, 32: 0.0125, 33: 0.0}"
Cade Cunningham,BOS,BOS,points,27.5,0.6789784056919241,21.51111111111111,0.26666666666666666,0.7333333333333334,"{4: 0.00512820512820511, 5: 0.0, 6: 0.0, 7: 0.0, 8: 0.0, 9: 0.0, 10: 0.00512820512820511, 11: 0.010256410256410331, 12: 0.0, 13: 0.0, 14: 0.01025641025641022, 15: 0.01538461538461533, 16: 0.02564102564102566, 17: 0.02564102564102566, 18: 0.07692307692307698, 19: 0.06153846153846154, 20: 0.05641025641025632, 21: 0.04615384615384621, 22: 0.06666666666666665, 23: 0.05641025641025643, 24: 0.07179487179487176, 25: 0.06153846153846154, 26: 0.07179487179487182, 27: 0.06666666666666665, 28: 0.025641025641025633, 29: 0.07692307692307693, 30: 0.03589743589743591, 31: 0.04102564102564102, 32: 0.035897435897435895, 33: 0.02564102564102564, 34: 0.0, 35: 0.005128205128205127, 36: 0.005128205128205127, 37: 0.010256410256410258, 38: 0.0, 39: 0.005128205128205128, 40: 0.0}"
Derrick White,DET,BOS,points,16.5,0.7078713577000022,18.177777777777774,0.5800000000000001,0.42000000000000004,"{6: 0.020000000000000018, 7: 0.020000000000000018, 8: 0.0, 9: 0.020000000000000018, 10: 0.019999999999999907, 11: 0.020000000000000018, 12: 0.09999999999999998, 13: 0.06000000000000005, 14: 0.05999999999999994, 15: 0.06000000000000005, 16: 0.040000000000000036, 17: 0.05999999999999994, 18: 0.14, 19: 0.03999999999999998, 20: 0.040000000000000036, 21: 0.019999999999999962, 22: 0.060000000000000026, 23: 0.0, 24: 0.06, 25: 0.06, 26: 0.0, 27: 0.04000000000000001, 28: 0.019999999999999997, 29: 0.04, 30: 0.0}"
Ausar Thompson,BOS,BOS,points,11.5,-0.17342026109759723,21.600000000000005,0.12658227848101267,0.8734177215189873,"{0: 0.012658227848101222, 1: 0.012658227848101333, 2: 0.050632911392405, 3: 0.05063291139240511, 4: 0.06329113924050633, 5: 0.08860759493670889, 6: 0.08860759493670878, 7: 0.10126582278481022, 8: 0.1392405063291139, 9: 0.10126582278481011, 10: 0.10126582278481011, 11: 0.06329113924050633, 12: 0.05063291139240507, 13: 0.025316455696202535, 14: 0.02531645569620253, 15: 0.0, 16: 0.02531645569620253, 17: 0.0}"
Jrue Holiday,DET,BOS,points,9.5,0.8162603184776958,28.900000000000002,0.6911764705882351,0.3088235294117647,"{2: 0.014705882352941124, 3: 0.014705882352941235, 4: 0.02941176470588236, 5: 0.02941176470588236, 6: 0.044117647058823484, 7: 0.08823529411764708, 8: 0.05882352941176472, 9: 0.02941176470588236, 10: 0.08823529411764708, 11: 0.02941176470588236, 12: 0.05882352941176472, 13: 0.1029411764705882, 14: 0.07352941176470584, 15: 0.05882352941176472, 16: 0.05882352941176472, 17: 0.04411764705882351, 18: 0.0735294117647059, 19: 0.07352941176470587, 20: 0.014705882352941176, 21: 0.014705882352941176, 22: 0.0}"
Tim Hardaway Jr.,BOS,BOS,points,9.5,0.5668343434689987,20.988888888888894,0.49253731343283574,0.5074626865671642,"{4: 0.04477611940298509, 5: 0.02985074626865669, 6: 0.07462686567164178, 7: 0.11940298507462688, 8: 0.04477611940298509, 9: 0.19402985074626866, 10: 0.08955223880597013, 11: 0.08955223880597013, 12: 0.04477611940298509, 13: 0.07462686567164178, 14: 0.04477611940298509, 15: 0.08955223880597013, 16: 0.01492537313432836, 17: 0.014925373134328356, 18: 0.014925373134328358, 19: 0.014925373134328358, 20: 0.0}"
Anfernee Simons,WAS,POR,points,23.5,0.8061344546105107,37.87777777777777,0.2857142857142857,0.7142857142857143,"{2: 0.015873015873015928, 3: 0.0, 4: 0.0, 5: 0.015873015873015817, 6: 0.0, 7: 0.015873015873015928, 8: 0.015873015873015817, 9: 0.06349206349206349, 10: 0.015873015873015928, 11: 0.015873015873015817, 12: 0.015873015873015928, 13: 0.031746031746031744, 14: 0.04761904761904756, 15: 0.015873015873015928, 16: 0.0793650793650793, 17: 0.04761904761904767, 18: 0.0793650793650793, 19: 0.07936507936507942, 20: 0.031746031746031744, 21: 0.031746031746031744, 22: 0.06349206349206349, 23: 0.031746031746031744, 24: 0.031746031746031744, 25: 0.047619047619047616, 26: 0.0, 27: 0.015873015873015872, 28: 0.0, 29: 0.0, 30: 0.015873015873015872, 31: 0.031746031746031744, 32: 0.015873015873015872, 33: 0.0, 34: 0.015873015873015872, 35: 0.015873015873015872, 36: 0.015873015873015872, 37: 0.031746031746031744, 38: 0.031746031746031744, 39: 0.0, 40: 0.015873015873015872, 41: 0.0}"
Jerami Grant,WAS,POR,points,15.5,0.6663705011286469,70.54444444444444,0.6835443037974684,0.31645569620253167,"{1: 0.006329113924050667, 2: 0.0, 3: 0.006329113924050556, 4: 0.0, 5: 0.006329113924050667, 6: 0.0, 7: 0.03164556962025322, 8: 0.01898734177215189, 9: 0.01898734177215189, 10: 0.01898734177215189, 11: 0.06962025316455689, 12: 0.012658227848101333, 13: 0.01898734177215189, 14: 0.025316455696202556, 15: 0.08227848101265822, 16: 0.06329113924050633, 17: 0.050632911392405, 18: 0.069620253164557, 19: 0.06962025316455694, 20: 0.069620253164557, 21: 0.050632911392405056, 22: 0.03164556962025317, 23: 0.03164556962025314, 24: 0.044303797468354444, 25: 0.025316455696202528, 26: 0.012658227848101278, 27: 0.03797468354430378, 28: 0.037974683544303806, 29: 0.012658227848101264, 30: 0.018987341772151903, 31: 0.025316455696202528, 32: 0.006329113924050635, 33: 0.012658227848101266, 34: 0.0, 35: 0.006329113924050633, 36: 0.0, 37: 0.0, 38: 0.0, 39: 0.006329113924050633, 40: 0.0}"
Donovan Clingan,WAS,POR,points,8.5,0.5520069593331413,7.111111111111111,0.2341772151898734,0.7594936708860758,"{-4: 0.0, -3: 0.0, -2: 0.012658227848101222, -1: 0.01898734177215189, 0: 0.03797468354430378, 1: 0.03164556962025322, 2: 0.05696202531645567, 3: 0.10126582278481011, 4: 0.069620253164557, 5: 0.1392405063291139, 6: 0.0949367088607595, 7: 0.11392405063291139, 8: 0.08227848101265825, 9: 0.06329113924050633, 10: 0.06962025316455696, 11: 0.03797468354430379, 12: 0.018987341772151903, 13: 0.0189873417721519, 14: 0.006329113924050632, 15: 0.006329113924050634, 16: 0.012658227848101266, 17: 0.0}"
Kyshawn George,POR,POR,points,9.5,0.8226668648856421,38.62222222222222,0.16393442622950816,0.819672131147541,"{-2: 0.0, -1: 0.0491803278688524, 0: 0.06557377049180335, 1: 0.09836065573770492, 2: 0.032786885245901565, 3: 0.09836065573770492, 4: 0.08196721311475419, 5: 0.09836065573770486, 6: 0.08196721311475413, 7: 0.09836065573770492, 8: 0.04918032786885243, 9: 0.0655737704918033, 10: 0.049180327868852444, 11: 0.016393442622950824, 12: 0.032786885245901634, 13: 0.03278688524590164, 14: 0.01639344262295082, 15: 0.0, 16: 0.01639344262295082, 17: 0.0}"
Scoot Henderson,WAS,POR,points,12.5,0.7549693801139733,29.166666666666668,0.5928571428571429,0.40714285714285714,"{5: 0.021428571428571463, 6: 0.042857142857142816, 7: 0.06428571428571428, 8: 0.050000000000000044, 9: 0.04999999999999993, 10: 0.04285714285714293, 11: 0.0714285714285714, 12: 0.06428571428571428, 13: 0.09999999999999998, 14: 0.09285714285714286, 15: 0.10714285714285715, 16: 0.09285714285714286, 17: 0.07857142857142858, 18: 0.028571428571428567, 19: 0.04285714285714286, 20: 0.01428571428571429, 21: 0.02142857142857143, 22: 0.014285714285714285, 23: 0.0}"
Alex Sarr,POR,POR,points,11.5,0.7826918665537067,17.61111111111111,0.22950819672131148,0.7704918032786885,"{2: 0.032786885245901676, 3: 0.032786885245901565, 4: 0.032786885245901676, 5: 0.06557377049180324, 6: 0.032786885245901676, 7: 0.14754098360655743, 8: 0.11475409836065564, 9: 0.14754098360655743, 10: 0.09836065573770492, 11: 0.06557377049180327, 12: 0.03278688524590165, 13: 0.08196721311475409, 14: 0.04918032786885246, 15: 0.016393442622950824, 16: 0.0, 17: 0.016393442622950817, 18: 0.0, 19: 0.01639344262295082, 20: 0.0, 21: 0.01639344262295082, 22: 0.0}"
Jordan Poole,POR,POR,points,21.5,0.6311633652617628,85.95555555555556,0.6296296296296295,0.37037037037037035,"{12: 0.03703703703703709, 13: 0.01851851851851849, 14: 0.0, 15: 0.01851851851851849, 16: 0.0, 17: 0.0, 18: 0.03703703703703709, 19: 0.03703703703703698, 20: 0.12962962962962965, 21: 0.09259259259259256, 22: 0.03703703703703709, 23: 0.07407407407407407, 24: 0.07407407407407407, 25: 0.07407407407407407, 26: 0.055555555555555525, 27: 0.05555555555555558, 28: 0.018518518518518517, 29: 0.037037037037037035, 30: 0.018518518518518517, 31: 0.037037037037037035, 32: 0.037037037037037035, 33: 0.037037037037037035, 34: 0.0, 35: 0.0, 36: 0.0, 37: 0.037037037037037035, 38: 0.018518518518518517, 39: 0.018518518518518517, 40: 0.0}"
Corey Kispert,POR,POR,points,12.5,0.7487851743854431,44.84444444444445,0.4130434782608695,0.5797101449275361,"{-5: 0.0, -4: 0.01449275362318836, -3: 0.0, -2: 0.01449275362318847, -1: 0.0, 0: 0.007246376811594124, 1: 0.007246376811594235, 2: 0.021739130434782594, 3: 0.02898550724637683, 4: 0.021739130434782594, 5: 0.06521739130434778, 6: 0.036231884057971064, 7: 0.050724637681159424, 8: 0.05797101449275366, 9: 0.08695652173913038, 10: 0.0652173913043479, 11: 0.0579710144927536, 12: 0.04347826086956519, 13: 0.050724637681159424, 14: 0.0579710144927536, 15: 0.08695652173913046, 16: 0.06521739130434781, 17: 0.04347826086956523, 18: 0.021739130434782608, 19: 0.021739130434782608, 20: 0.0072463768115942, 21: 0.021739130434782608, 22: 0.014492753623188408, 23: 0.014492753623188404, 24: 0.007246376811594203, 25: 0.0}"
Shaedon Sharpe,WAS,POR,points,13.5,0.39349623806174083,87.8777777777778,0.5052631578947369,0.49473684210526314,"{5: 0.010526315789473717, 6: 0.010526315789473606, 7: 0.04210526315789476, 8: 0.021052631578947434, 9: 0.05263157894736836, 10: 0.06315789473684208, 11: 0.136842105263158, 12: 0.09473684210526312, 13: 0.06315789473684208, 14: 0.0736842105263158, 15: 0.09473684210526317, 16: 0.06315789473684208, 17: 0.03157894736842107, 18: 0.03157894736842107, 19: 0.03157894736842104, 20: 0.05263157894736842, 21: 0.04210526315789474, 22: 0.031578947368421054, 23: 0.021052631578947364, 24: 0.010526315789473686, 25: 0.0, 26: 0.010526315789473684, 27: 0.0, 28: 0.0, 29: 0.010526315789473684, 30: 0.0}"
Bilal Coulibaly,POR,POR,points,12.5,0.8347736106005286,54.67777777777778,0.616822429906542,0.383177570093458,"{0: 0.009345794392523366, 1: 0.0, 2: 0.0, 3: 0.01869158878504673, 4: 0.028037383177570097, 5: 0.03738317757009346, 6: 0.03738317757009346, 7: 0.01869158878504673, 8: 0.03738317757009346, 9: 0.04672897196261683, 10: 0.04672897196261683, 11: 0.06542056074766356, 12: 0.03738317757009346, 13: 0.05607476635514019, 14: 0.0654205607476635, 15: 0.05607476635514019, 16: 0.06542056074766356, 17: 0.04672897196261683, 18: 0.07476635514018692, 19: 0.0467289719626168, 20: 0.07476635514018692, 21: 0.018691588785046717, 22: 0.03738317757009346, 23: 0.009345794392523366, 24: 0.018691588785046724, 25: 0.0, 26: 0.018691588785046728, 27: 0.009345794392523366, 28: 0.0, 29: 0.0, 30: 0.0, 31: 0.0, 32: 0.009345794392523364, 33: 0.0, 34: 0.0, 35: 0.0, 36: 0.0, 37: 0.0, 38: 0.0, 39: 0.0, 40: 0.0, 41: 0.0, 42: 0.0, 43: 0.009345794392523364, 44: 0.0}"
Toumani Camara,WAS,POR,points,12.5,0.6412522939902745,23.833333333333332,0.3214285714285715,0.6785714285714286,"{0: 0.008928571428571397, 1: 0.0357142857142857, 2: 0.017857142857142905, 3: 0.0267857142857143, 4: 0.0, 5: 0.0535714285714286, 6: 0.1071428571428571, 7: 0.0625, 8: 0.0982142857142857, 9: 0.0714285714285714, 10: 0.06250000000000006, 11: 0.0892857142857143, 12: 0.044642857142857095, 13: 0.0892857142857143, 14: 0.035714285714285726, 15: 0.026785714285714274, 16: 0.035714285714285726, 17: 0.05357142857142856, 18: 0.026785714285714295, 19: 0.017857142857142856, 20: 0.017857142857142856, 21: 0.008928571428571428, 22: 0.008928571428571428, 23: 0.0}"
Shai Gilgeous-Alexander,BKN,OKC,points,29.5,0.48088812016740057,24.1,0.43283582089552225,0.5671641791044777,"{16: 0.014925373134328401, 17: 0.0, 18: 0.01492537313432829, 19: 0.014925373134328401, 20: 0.01492537313432829, 21: 0.04477611940298509, 22: 0.059701492537313494, 23: 0.07462686567164178, 24: 0.08955223880597007, 25: 0.029850746268656803, 26: 0.04477611940298509, 27: 0.07462686567164178, 28: 0.02985074626865669, 29: 0.05970149253731344, 30: 0.10447761194029848, 31: 0.029850746268656747, 32: 0.07462686567164176, 33: 0.0, 34: 0.04477611940298509, 35: 0.044776119402985065, 36: 0.02985074626865672, 37: 0.02985074626865672, 38: 0.029850746268656712, 39: 0.014925373134328356, 40: 0.0, 41: 0.014925373134328358, 42: 0.0, 43: 0.014925373134328358, 44: 0.0}"
Jalen Williams,BKN,OKC,points,19.5,0.4807497023245041,32.32222222222222,0.54,0.45999999999999996,"{7: 0.020000000000000018, 8: 0.0, 9: 0.0, 10: 0.040000000000000036, 11: 0.05999999999999994, 12: 0.020000000000000018, 13: 0.040000000000000036, 14: 0.019999999999999907, 15: 0.040000000000000036, 16: 0.0, 17: 0.07999999999999996, 18: 0.10000000000000009, 19: 0.039999999999999925, 20: 0.020000000000000018, 21: 0.040000000000000036, 22: 0.12, 23: 0.03999999999999998, 24: 0.020000000000000018, 25: 0.07999999999999999, 26: 0.06, 27: 0.01999999999999999, 28: 0.020000000000000018, 29: 0.06, 30: 0.0, 31: 0.0, 32: 0.0, 33: 0.019999999999999997, 34: 0.04, 35: 0.0}"
Cason Wallace,BKN,OKC,points,5.5,0.6281933735844529,18.055555555555557,0.6716417910447761,0.3283582089552239,"{0: 0.0, 1: 0.0, 2: 0.0, 3: 0.13432835820895522, 4: 0.13432835820895522, 5: 0.05970149253731343, 6: 0.14925373134328357, 7: 0.19402985074626866, 8: 0.14925373134328357, 9: 0.1044776119402985, 10: 0.05970149253731343, 11: 0.014925373134328358, 12: 0.0, 13: 0.0, 14: 0.0, 15: 0.0, 16: 0.0, 17: 0.0, 18: 0.0, 19: 0.0, 20: 0.0, 21: 0.0, 22: 0.0}"
Isaiah Joe,BKN,OKC,points,7.5,0.8450278850756189,10.011111111111111,0.5549738219895287,0.4450261780104712,"{0: 0.0, 1: 0.010471204188481676, 2: 0.02617801047120419, 3: 0.041884816753926704, 4: 0.06282722513089005, 5: 0.07329842931937172, 6: 0.08376963350785341, 7: 0.14659685863874344, 8: 0.17277486910994763, 9: 0.13089005235602094, 10: 0.07329842931937172, 11: 0.03664921465968586, 12: 0.05759162303664921, 13: 0.03664921465968586, 14: 0.020942408376963352, 15: 0.010471204188481676, 16: 0.010471204188481676, 17: 0.005235602094240838, 18: 0.0, 19: 0.0, 20: 0.0, 21: 0.0, 22: 0.0, 23: 0.0, 24: 0.0, 25: 0.0, 26: 0.0, 27: 0.0, 28: 0.0, 29: 0.0, 30: 0.0, 31: 0.0, 32: 0.0, 33: 0.0, 34: 0.0}"
Ziaire Williams,OKC,OKC,points,12.5,0.6626514555943446,33.788888888888884,0.22826086956521735,0.7608695652173914,"{-4: 0.010869565217391242, -3: 0.0, -2: 0.0, -1: 0.021739130434782594, 0: 0.03260869565217395, 1: 0.021739130434782594, 2: 0.05434782608695654, 3: 0.06521739130434778, 4: 0.07608695652173914, 5: 0.07608695652173914, 6: 0.08695652173913049, 7: 0.04347826086956519, 8: 0.09782608695652173, 9: 0.05434782608695654, 10: 0.07608695652173914, 11: 0.03260869565217389, 12: 0.010869565217391325, 13: 0.07608695652173911, 14: 0.04347826086956523, 15: 0.021739130434782608, 16: 0.021739130434782608, 17: 0.0, 18: 0.010869565217391304, 19: 0.021739130434782608, 20: 0.021739130434782608, 21: 0.010869565217391304, 22: 0.0}"
Day'Ron Sharpe,OKC,OKC,points,9.5,0.33537947425433723,18.455555555555556,0.11940298507462686,0.8507462686567164,"{-1: 0.02985074626865669, 0: 0.0, 1: 0.04477611940298509, 2: 0.029850746268656803, 3: 0.13432835820895517, 4: 0.11940298507462688, 5: 0.14925373134328357, 6: 0.13432835820895522, 7: 0.04477611940298509, 8: 0.08955223880597013, 9: 0.0746268656716418, 10: 0.02985074626865672, 11: 0.029850746268656712, 12: 0.01492537313432836, 13: 0.014925373134328356, 14: 0.014925373134328358, 15: 0.014925373134328358, 16: 0.0}"
Alex Caruso,BKN,OKC,points,5.5,0.6721343539612913,8.93333333333333,0.10294117647058823,0.8970588235294118,"{0: 0.04411764705882353, 1: 0.04411764705882353, 2: 0.10294117647058823, 3: 0.19117647058823528, 4: 0.29411764705882354, 5: 0.22058823529411764, 6: 0.014705882352941176, 7: 0.029411764705882353, 8: 0.014705882352941176, 9: 0.029411764705882353, 10: 0.014705882352941176, 11: 0.0, 12: 0.0, 13: 0.0, 14: 0.0, 15: 0.0, 16: 0.0, 17: 0.0, 18: 0.0, 19: 0.0, 20: 0.0}"
Aaron Wiggins,BKN,OKC,points,10.5,0.26769952697724453,10.4,0.29743589743589743,0.6974358974358974,"{-6: 0.0, -5: 0.0, -4: 0.00512820512820511, -3: 0.0, -2: 0.02051282051282055, -1: 0.00512820512820511, 0: 0.03076923076923077, 1: 0.06153846153846154, 2: 0.03589743589743588, 3: 0.04615384615384621, 4: 0.05641025641025643, 5: 0.08205128205128198, 6: 0.10256410256410253, 7: 0.0615384615384616, 8: 0.06153846153846154, 9: 0.06666666666666665, 10: 0.06153846153846154, 11: 0.051282051282051266, 12: 0.05641025641025643, 13: 0.04102564102564102, 14: 0.04102564102564102, 15: 0.015384615384615385, 16: 0.0358974358974359, 17: 0.015384615384615385, 18: 0.02564102564102564, 19: 0.0, 20: 0.010256410256410258, 21: 0.0, 22: 0.0, 23: 0.0, 24: 0.0, 25: 0.0, 26: 0.005128205128205128, 27: 0.0}"
Isaiah Hartenstein,BKN,OKC,points,8.5,0.556168071785517,38.94444444444444,0.9782608695652175,0.021739130434782594,"{8: 0.021739130434782594, 9: 0.05797101449275366, 10: 0.050724637681159424, 11: 0.23913043478260865, 12: 0.26811594202898553, 13: 0.2318840579710145, 14: 0.10144927536231883, 15: 0.028985507246376812, 16: 0.0}"
Jalen Wilson,OKC,OKC,points,8.5,0.524840870604386,27.87777777777778,0.4683544303797469,0.5253164556962024,"{-10: 0.0, -9: 0.0, -8: 0.006329113924050556, -7: 0.006329113924050667, -6: 0.006329113924050667, -5: 0.006329113924050556, -4: 0.018987341772152, -3: 0.0, -2: 0.03164556962025311, -1: 0.006329113924050667, 0: 0.044303797468354444, 1: 0.01898734177215189, 2: 0.03164556962025311, 3: 0.08860759493670889, 4: 0.044303797468354444, 5: 0.044303797468354444, 6: 0.050632911392405, 7: 0.069620253164557, 8: 0.050632911392405056, 9: 0.03164556962025317, 10: 0.06329113924050633, 11: 0.06962025316455694, 12: 0.044303797468354444, 13: 0.04430379746835442, 14: 0.056962025316455694, 15: 0.006329113924050639, 16: 0.018987341772151917, 17: 0.04430379746835442, 18: 0.025316455696202528, 19: 0.025316455696202535, 20: 0.0, 21: 0.0189873417721519, 22: 0.012658227848101267, 23: 0.006329113924050633, 24: 0.0}"
Trae Young,MIA,ATL,points,25.5,0.5848097087700106,116.9888888888889,0.6885245901639345,0.3114754098360656,"{13: 0.016393442622950838, 14: 0.0, 15: 0.0, 16: 0.016393442622950838, 17: 0.0, 18: 0.0, 19: 0.0491803278688524, 20: 0.06557377049180335, 21: 0.0, 22: 0.06557377049180324, 23: 0.032786885245901676, 24: 0.016393442622950727, 25: 0.049180327868852514, 26: 0.08196721311475408, 27: 0.11475409836065575, 28: 0.04918032786885246, 29: 0.04918032786885246, 30: 0.04918032786885246, 31: 0.03278688524590162, 32: 0.0655737704918033, 33: 0.01639344262295081, 34: 0.04918032786885246, 35: 0.04918032786885246, 36: 0.04918032786885247, 37: 0.01639344262295081, 38: 0.03278688524590164, 39: 0.0, 40: 0.01639344262295082, 41: 0.01639344262295082, 42: 0.0}"
Andrew Wiggins,ATL,ATL,points,20.5,0.6925638786716696,46.94444444444444,0.22784810126582278,0.7658227848101264,"{-3: 0.0, -2: 0.0, -1: 0.012658227848101222, 0: 0.0, 1: 0.01898734177215189, 2: 0.012658227848101333, 3: 0.012658227848101222, 4: 0.05063291139240511, 5: 0.01898734177215189, 6: 0.01898734177215189, 7: 0.03797468354430378, 8: 0.012658227848101222, 9: 0.05696202531645578, 10: 0.06962025316455689, 11: 0.03164556962025322, 12: 0.05696202531645567, 13: 0.05063291139240511, 14: 0.025316455696202445, 15: 0.044303797468354444, 16: 0.06329113924050633, 17: 0.050632911392405056, 18: 0.05063291139240511, 19: 0.0253164556962025, 20: 0.044303797468354444, 21: 0.050632911392405056, 22: 0.025316455696202528, 23: 0.012658227848101278, 24: 0.01898734177215189, 25: 0.025316455696202528, 26: 0.006329113924050639, 27: 0.025316455696202528, 28: 0.03164556962025317, 29: 0.0, 30: 0.018987341772151903, 31: 0.0, 32: 0.006329113924050633, 33: 0.006329113924050633, 34: 0.0}"
Terance Mann,MIA,ATL,points,6.5,0.6332415020435598,11.433333333333334,0.2085889570552147,0.7914110429447851,"{0: 0.0, 1: 0.049079754601226995, 2: 0.1165644171779141, 3: 0.15337423312883436, 4: 0.1901840490797546, 5: 0.1656441717791411, 6: 0.1165644171779141, 7: 0.0736196319018405, 8: 0.09202453987730061, 9: 0.018404907975460124, 10: 0.024539877300613498, 11: 0.0, 12: 0.0, 13: 0.0, 14: 0.0, 15: 0.0, 16: 0.0, 17: 0.0, 18: 0.0, 19: 0.0, 20: 0.0}"
Clint Capela,MIA,ATL,points,7.5,0.7948075585990868,28.044444444444444,0.32710280373831774,0.6728971962616822,"{0: 0.0, 1: 0.0, 2: 0.037383177570093455, 3: 0.056074766355140186, 4: 0.102803738317757, 5: 0.22429906542056074, 6: 0.12149532710280374, 7: 0.1308411214953271, 8: 0.14953271028037382, 9: 0.11214953271028037, 10: 0.009345794392523364, 11: 0.028037383177570093, 12: 0.009345794392523364, 13: 0.0, 14: 0.0, 15: 0.009345794392523364, 16: 0.0, 17: 0.0, 18: 0.009345794392523364, 19: 0.0, 20: 0.0, 21: 0.0, 22: 0.0, 23: 0.0, 24: 0.0, 25: 0.0, 26: 0.0, 27: 0.0, 28: 0.0, 29: 0.0, 30: 0.0, 31: 0.0, 32: 0.0, 33: 0.0, 34: 0.0, 35: 0.0, 36: 0.0}"
Clint Capela,MIA,ATL,rebounds,7.5,0.8044009559480919,7.777777777777778,0.5569620253164558,0.44303797468354433,"{0: 0.0, 1: 0.0, 2: 0.0, 3: 0.0189873417721519, 4: 0.0379746835443038, 5: 0.12658227848101267, 6: 0.13291139240506328, 7: 0.12658227848101267, 8: 0.17721518987341772, 9: 0.12658227848101267, 10: 0.11392405063291139, 11: 0.06329113924050633, 12: 0.02531645569620253, 13: 0.02531645569620253, 14: 0.0189873417721519, 15: 0.006329113924050633, 16: 0.0, 17: 0.0, 18: 0.0, 19: 0.0, 20: 0.0, 21: 0.0, 22: 0.0, 23: 0.0, 24: 0.0, 25: 0.0, 26: 0.0, 27: 0.0, 28: 0.0, 29: 0.0, 30: 0.0}"
Davion Mitchell,ATL,ATL,points,7.5,0.5466636467561612,33.12222222222222,0.20895522388059698,0.7910447761194029,"{0: 0.0, 1: 0.0, 2: 0.04477611940298507, 3: 0.07462686567164178, 4: 0.13432835820895522, 5: 0.2835820895522388, 6: 0.1791044776119403, 7: 0.07462686567164178, 8: 0.07462686567164178, 9: 0.08955223880597014, 10: 0.04477611940298507, 11: 0.0, 12: 0.0, 13: 0.0, 14: 0.0, 15: 0.0, 16: 0.0, 17: 0.0, 18: 0.0, 19: 0.0, 20: 0.0}"
Dyson Daniels,MIA,ATL,points,14.5,0.8081791836918448,43.78888888888889,0.2835820895522388,0.7164179104477613,"{4: 0.014925373134328401, 5: 0.01492537313432829, 6: 0.059701492537313494, 7: 0.02985074626865669, 8: 0.05970149253731338, 9: 0.059701492537313494, 10: 0.11940298507462688, 11: 0.07462686567164178, 12: 0.11940298507462682, 13: 0.07462686567164178, 14: 0.08955223880597019, 15: 0.07462686567164178, 16: 0.044776119402985065, 17: 0.08955223880597016, 18: 0.029850746268656712, 19: 0.014925373134328356, 20: 0.0, 21: 0.014925373134328358, 22: 0.0, 23: 0.014925373134328358, 24: 0.0}"
Georges Niang,MIA,ATL,points,10.5,0.4680936337189634,8.177777777777779,0.14,0.82,"{-1: 0.05999999999999994, 0: 0.020000000000000018, 1: 0.020000000000000018, 2: 0.07999999999999996, 3: 0.06000000000000005, 4: 0.07999999999999996, 5: 0.040000000000000036, 6: 0.12, 7: 0.09999999999999998, 8: 0.08000000000000002, 9: 0.03999999999999998, 10: 0.12, 11: 0.0, 12: 0.0, 13: 0.04000000000000001, 14: 0.04000000000000001, 15: 0.019999999999999997, 16: 0.02, 17: 0.0, 18: 0.0, 19: 0.02, 20: 0.0}"
Bam Adebayo,ATL,ATL,points,19.5,0.6261606818196601,50.45555555555555,0.19999999999999998,0.7894736842105263,"{-1: 0.021052631578947323, 0: 0.0, 1: 0.0, 2: 0.010526315789473717, 3: 0.010526315789473717, 4: 0.010526315789473606, 5: 0.0, 6: 0.03157894736842104, 7: 0.03157894736842104, 8: 0.010526315789473717, 9: 0.03157894736842104, 10: 0.052631578947368474, 11: 0.06315789473684208, 12: 0.03157894736842104, 13: 0.052631578947368474, 14: 0.11578947368421044, 15: 0.06315789473684214, 16: 0.08421052631578951, 17: 0.03157894736842104, 18: 0.05263157894736842, 19: 0.08421052631578946, 20: 0.04210526315789476, 21: 0.01052631578947369, 22: 0.04210526315789473, 23: 0.031578947368421054, 24: 0.0, 25: 0.010526315789473675, 26: 0.031578947368421054, 27: 0.0, 28: 0.010526315789473686, 29: 0.010526315789473684, 30: 0.0, 31: 0.010526315789473684, 32: 0.0}"
Tyler Herro,ATL,ATL,points,26.5,0.6751711508495505,65.21111111111111,0.2131147540983606,0.7868852459016394,"{9: 0.016393442622950838, 10: 0.0, 11: 0.032786885245901676, 12: 0.0, 13: 0.016393442622950727, 14: 0.032786885245901676, 15: 0.032786885245901676, 16: 0.032786885245901565, 17: 0.06557377049180335, 18: 0.08196721311475408, 19: 0.0491803278688524, 20: 0.032786885245901676, 21: 0.06557377049180324, 22: 0.08196721311475413, 23: 0.04918032786885246, 24: 0.016393442622950838, 25: 0.0655737704918033, 26: 0.11475409836065573, 27: 0.01639344262295081, 28: 0.03278688524590165, 29: 0.049180327868852444, 30: 0.03278688524590165, 31: 0.0, 32: 0.032786885245901634, 33: 0.016393442622950817, 34: 0.01639344262295082, 35: 0.0, 36: 0.01639344262295082, 37: 0.0}"
Zaccharie Risacher,MIA,ATL,points,12.5,0.6838429580005565,79.83333333333333,0.2097902097902098,0.7622377622377622,"{-1: 0.006993006993006978, 0: 0.013986013986013957, 1: 0.013986013986013957, 2: 0.027972027972028024, 3: 0.027972027972027913, 4: 0.04195804195804198, 5: 0.08391608391608396, 6: 0.08391608391608385, 7: 0.05594405594405594, 8: 0.06293706293706303, 9: 0.09090909090909083, 10: 0.06993006993006995, 11: 0.06293706293706297, 12: 0.11888111888111885, 13: 0.04895104895104896, 14: 0.02797202797202797, 15: 0.048951048951048945, 16: 0.006993006993006992, 17: 0.020979020979020983, 18: 0.027972027972027972, 19: 0.013986013986013986, 20: 0.013986013986013986, 21: 0.0}"
Caris LeVert,MIA,ATL,points,11.5,0.7359894050142761,17.77777777777778,0.38805970149253727,0.6119402985074627,"{2: 0.014925373134328401, 3: 0.05970149253731338, 4: 0.014925373134328401, 5: 0.02985074626865669, 6: 0.04477611940298509, 7: 0.04477611940298509, 8: 0.11940298507462677, 9: 0.13432835820895528, 10: 0.07462686567164178, 11: 0.07462686567164178, 12: 0.07462686567164178, 13: 0.08955223880597016, 14: 0.02985074626865672, 15: 0.05970149253731344, 16: 0.05970149253731344, 17: 0.0, 18: 0.014925373134328353, 19: 0.01492537313432836, 20: 0.029850746268656712, 21: 0.014925373134328358, 22: 0.0}"
Onyeka Okongwu,MIA,ATL,points,13.5,0.7463949142564874,62.01111111111111,0.2971014492753622,0.6956521739130435,"{-5: 0.0, -4: 0.0, -3: 0.0, -2: 0.007246376811594124, -1: 0.01449275362318847, 0: 0.01449275362318836, 1: 0.036231884057971064, 2: 0.03623188405797095, 3: 0.021739130434782594, 4: 0.007246376811594235, 5: 0.050724637681159424, 6: 0.036231884057971064, 7: 0.06521739130434778, 8: 0.036231884057971064, 9: 0.05797101449275355, 10: 0.10869565217391308, 11: 0.0579710144927536, 12: 0.08695652173913043, 13: 0.05797101449275366, 14: 0.050724637681159396, 15: 0.02898550724637683, 16: 0.03623188405797101, 17: 0.07246376811594203, 18: 0.028985507246376815, 19: 0.0217391304347826, 20: 0.021739130434782608, 21: 0.007246376811594204, 22: 0.007246376811594204, 23: 0.007246376811594202, 24: 0.0, 25: 0.007246376811594203, 26: 0.0, 27: 0.0, 28: 0.007246376811594203, 29: 0.0}"
Coby White,LAC,LAC,points,19.5,0.6663260239047688,74.71111111111112,0.6423841059602649,0.3509933774834437,"{0: 0.0, 1: 0.0, 2: 0.0066225165562913135, 3: 0.0066225165562914245, 4: 0.0066225165562914245, 5: 0.0066225165562913135, 6: 0.0, 7: 0.013245033112582849, 8: 0.0066225165562914245, 9: 0.0066225165562913135, 10: 0.026490066225165587, 11: 0.0066225165562914245, 12: 0.026490066225165587, 13: 0.0066225165562913135, 14: 0.026490066225165587, 15: 0.0331125827814569, 16: 0.039735099337748436, 17: 0.019867549668874163, 18: 0.06622516556291391, 19: 0.04635761589403975, 20: 0.07284768211920523, 21: 0.04635761589403975, 22: 0.026490066225165587, 23: 0.05960264900662249, 24: 0.07284768211920534, 25: 0.019867549668874163, 26: 0.046357615894039694, 27: 0.04635761589403975, 28: 0.03973509933774835, 29: 0.013245033112582794, 30: 0.039735099337748325, 31: 0.006622516556291397, 32: 0.03973509933774834, 33: 0.013245033112582794, 34: 0.019867549668874163, 35: 0.019867549668874177, 36: 0.00662251655629139, 37: 0.046357615894039736, 38: 0.0, 39: 0.0, 40: 0.0, 41: 0.0, 42: 0.0, 43: 0.0, 44: 0.006622516556291391, 45: 0.0}"
Derrick Jones Jr.,CHI,LAC,points,8.5,0.432995195614999,22.455555555555556,0.7278481012658228,0.2721518987341772,"{1: 0.006329113924050667, 2: 0.012658227848101222, 3: 0.006329113924050667, 4: 0.01898734177215189, 5: 0.025316455696202556, 6: 0.025316455696202445, 7: 0.09493670886075956, 8: 0.08227848101265822, 9: 0.05696202531645567, 10: 0.06329113924050633, 11: 0.07594936708860767, 12: 0.15822784810126578, 13: 0.05696202531645567, 14: 0.06962025316455697, 15: 0.037974683544303806, 16: 0.044303797468354444, 17: 0.06962025316455694, 18: 0.018987341772151903, 19: 0.018987341772151903, 20: 0.018987341772151896, 21: 0.012658227848101267, 22: 0.006329113924050632, 23: 0.0, 24: 0.006329113924050634, 25: 0.012658227848101266, 26: 0.0}"
Ayo Dosunmu,LAC,LAC,points,12.5,0.703484194744971,49.51111111111111,0.36607142857142855,0.625,"{-3: 0.0, -2: 0.008928571428571508, -1: 0.0, 0: 0.008928571428571397, 1: 0.017857142857142794, 2: 0.03571428571428581, 3: 0.02678571428571419, 4: 0.008928571428571508, 5: 0.0267857142857143, 6: 0.05357142857142849, 7: 0.044642857142857206, 8: 0.0714285714285714, 9: 0.0982142857142857, 10: 0.1160714285714286, 11: 0.0625, 12: 0.04464285714285715, 13: 0.08928571428571425, 14: 0.08035714285714288, 15: 0.0357142857142857, 16: 0.017857142857142877, 17: 0.07142857142857142, 18: 0.008928571428571425, 19: 0.026785714285714288, 20: 0.008928571428571428, 21: 0.017857142857142856, 22: 0.0, 23: 0.008928571428571428, 24: 0.0}"
Ben Simmons,CHI,LAC,points,6.5,0.602243031765791,7.566666666666666,0.391304347826087,0.6086956521739131,"{0: 0.007246376811594203, 1: 0.021739130434782608, 2: 0.028985507246376812, 3: 0.09420289855072464, 4: 0.13043478260869565, 5: 0.16666666666666666, 6: 0.15942028985507245, 7: 0.14492753623188406, 8: 0.13043478260869565, 9: 0.06521739130434782, 10: 0.028985507246376812, 11: 0.014492753623188406, 12: 0.0, 13: 0.007246376811594203, 14: 0.0, 15: 0.0, 16: 0.0, 17: 0.0, 18: 0.0, 19: 0.0, 20: 0.0, 21: 0.0, 22: 0.0, 23: 0.0, 24: 0.0, 25: 0.0, 26: 0.0}"
Ben Simmons,CHI,LAC,rebounds,6.5,0.6569025697826103,1.288888888888889,0.25925925925925924,0.7407407407407407,"{0: 0.018518518518518517, 1: 0.0, 2: 0.1111111111111111, 3: 0.09259259259259259, 4: 0.16666666666666666, 5: 0.14814814814814814, 6: 0.2037037037037037, 7: 0.1111111111111111, 8: 0.09259259259259259, 9: 0.05555555555555555, 10: 0.0, 11: 0.0, 12: 0.0, 13: 0.0, 14: 0.0, 15: 0.0, 16: 0.0, 17: 0.0, 18: 0.0}"
Ben Simmons,CHI,LAC,assists,6.5,0.6943913812335339,9.11111111111111,0.6851851851851853,0.31481481481481477,"{0: 0.0, 1: 0.0, 2: 0.018518518518518517, 3: 0.043209876543209874, 4: 0.04938271604938271, 5: 0.09876543209876543, 6: 0.10493827160493827, 7: 0.16049382716049382, 8: 0.11728395061728394, 9: 0.1419753086419753, 10: 0.05555555555555555, 11: 0.08024691358024691, 12: 0.04938271604938271, 13: 0.043209876543209874, 14: 0.012345679012345678, 15: 0.012345679012345678, 16: 0.006172839506172839, 17: 0.006172839506172839, 18: 0.0, 19: 0.0, 20: 0.0, 21: 0.0, 22: 0.0, 23: 0.0, 24: 0.0, 25: 0.0, 26: 0.0, 27: 0.0, 28: 0.0, 29: 0.0, 30: 0.0, 31: 0.0, 32: 0.0, 33: 0.0, 34: 0.0}"
James Harden,CHI,LAC,points,25.5,0.5963567294747678,23.066666666666666,0.2803738317757009,0.7196261682242991,"{0: 0.009345794392523366, 1: 0.009345794392523366, 2: 0.0, 3: 0.0, 4: 0.009345794392523366, 5: 0.03738317757009346, 6: 0.009345794392523366, 7: 0.009345794392523366, 8: 0.0, 9: 0.028037383177570097, 10: 0.028037383177570097, 11: 0.03738317757009346, 12: 0.009345794392523366, 13: 0.07476635514018692, 14: 0.01869158878504673, 15: 0.03738317757009346, 16: 0.04672897196261683, 17: 0.03738317757009346, 18: 0.028037383177570097, 19: 0.03738317757009346, 20: 0.01869158878504673, 21: 0.018691588785046676, 22: 0.03738317757009346, 23: 0.04672897196261683, 24: 0.06542056074766356, 25: 0.06542056074766356, 26: 0.037383177570093434, 27: 0.03738317757009346, 28: 0.01869158878504673, 29: 0.03738317757009346, 30: 0.046728971962616814, 31: 0.028037383177570097, 32: 0.009345794392523366, 33: 0.0, 34: 0.009345794392523359, 35: 0.01869158878504673, 36: 0.018691588785046728, 37: 0.0, 38: 0.009345794392523364, 39: 0.0, 40: 0.0, 41: 0.0, 42: 0.0, 43: 0.009345794392523364, 44: 0.0}"
Ivica Zubac,CHI,LAC,points,15.5,0.6625292328437142,37.37777777777778,0.7500000000000001,0.25,"{7: 0.0071428571428571175, 8: 0.0071428571428571175, 9: 0.0, 10: 0.021428571428571463, 11: 0.04285714285714293, 12: 0.02857142857142847, 13: 0.02857142857142858, 14: 0.04285714285714293, 15: 0.0714285714285714, 16: 0.09285714285714286, 17: 0.0714285714285714, 18: 0.08571428571428574, 19: 0.12142857142857144, 20: 0.0714285714285714, 21: 0.06428571428571431, 22: 0.07142857142857142, 23: 0.04285714285714287, 24: 0.028571428571428553, 25: 0.05, 26: 0.01428571428571429, 27: 0.02857142857142857, 28: 0.0, 29: 0.0, 30: 0.0, 31: 0.007142857142857143, 32: 0.0}"
Ivica Zubac,CHI,LAC,rebounds,15.5,0.6227011557266846,7.566666666666666,0.18543046357615897,0.814569536423841,"{2: 0.0066225165562914245, 3: 0.0066225165562913135, 4: 0.0066225165562914245, 5: 0.026490066225165587, 6: 0.05960264900662249, 7: 0.052980132450331174, 8: 0.013245033112582738, 9: 0.06622516556291391, 10: 0.11920529801324509, 11: 0.04635761589403964, 12: 0.12582781456953646, 13: 0.12582781456953646, 14: 0.07284768211920528, 15: 0.08609271523178808, 16: 0.06622516556291391, 17: 0.02649006622516556, 18: 0.039735099337748346, 19: 0.026490066225165563, 20: 0.00662251655629139, 21: 0.006622516556291392, 22: 0.006622516556291391, 23: 0.0, 24: 0.0, 25: 0.006622516556291391, 26: 0.0}"
Amir Coffey,CHI,LAC,points,9.5,0.665559331544908,32.988888888888894,0.5168539325842698,0.4775280898876404,"{-2: 0.011235955056179803, -1: 0.016853932584269593, 0: 0.016853932584269704, 1: 0.0337078651685393, 2: 0.016853932584269704, 3: 0.06179775280898869, 4: 0.03370786516853941, 5: 0.050561797752809, 6: 0.0449438202247191, 7: 0.0730337078651685, 8: 0.0393258426966292, 9: 0.0786516853932584, 10: 0.0674157303370787, 11: 0.050561797752809, 12: 0.10112359550561795, 13: 0.06741573033707865, 14: 0.02247191011235955, 15: 0.0449438202247191, 16: 0.039325842696629226, 17: 0.03932584269662921, 18: 0.016853932584269662, 19: 0.0056179775280898875, 20: 0.028089887640449437, 21: 0.016853932584269662, 22: 0.0056179775280898875, 23: 0.0056179775280898875, 24: 0.0056179775280898875, 25: 0.0}"
Kris Dunn,CHI,LAC,points,7.5,0.8522844225819924,12.455555555555556,0.6000000000000001,0.4,"{0: 0.0, 1: 0.0, 2: 0.0, 3: 0.015384615384615385, 4: 0.07692307692307693, 5: 0.06153846153846154, 6: 0.13846153846153847, 7: 0.1076923076923077, 8: 0.07692307692307693, 9: 0.09230769230769231, 10: 0.1076923076923077, 11: 0.1076923076923077, 12: 0.046153846153846156, 13: 0.09230769230769231, 14: 0.06153846153846154, 15: 0.0, 16: 0.015384615384615385, 17: 0.0, 18: 0.0, 19: 0.0, 20: 0.0, 21: 0.0, 22: 0.0, 23: 0.0, 24: 0.0, 25: 0.0, 26: 0.0, 27: 0.0, 28: 0.0, 29: 0.0, 30: 0.0, 31: 0.0, 32: 0.0}"
Zach LaVine,UTA,SAC,points,23.5,0.49828524231720817,58.766666666666666,0.20652173913043476,0.7934782608695652,"{0: 0.010869565217391353, 1: 0.0, 2: 0.0, 3: 0.010869565217391242, 4: 0.03260869565217395, 5: 0.0, 6: 0.010869565217391242, 7: 0.021739130434782705, 8: 0.04347826086956519, 9: 0.010869565217391242, 10: 0.021739130434782594, 11: 0.05434782608695654, 12: 0.07608695652173914, 13: 0.0434782608695653, 14: 0.07608695652173902, 15: 0.05434782608695654, 16: 0.03260869565217395, 17: 0.03260869565217389, 18: 0.03260869565217395, 19: 0.021739130434782594, 20: 0.043478260869565244, 21: 0.06521739130434778, 22: 0.043478260869565244, 23: 0.05434782608695651, 24: 0.03260869565217392, 25: 0.03260869565217392, 26: 0.0, 27: 0.010869565217391297, 28: 0.032608695652173905, 29: 0.04347826086956522, 30: 0.021739130434782608, 31: 0.0, 32: 0.010869565217391304, 33: 0.010869565217391304, 34: 0.0, 35: 0.0, 36: 0.0, 37: 0.010869565217391304, 38: 0.0}"
DeMar DeRozan,UTA,SAC,points,20.5,0.4855684612985598,36.84444444444444,0.5128205128205128,0.4871794871794872,"{1: 0.00512820512820511, 2: 0.0, 3: 0.0, 4: 0.0, 5: 0.0, 6: 0.00512820512820511, 7: 0.02564102564102566, 8: 0.0, 9: 0.00512820512820511, 10: 0.010256410256410331, 11: 0.01538461538461533, 12: 0.015384615384615441, 13: 0.02564102564102555, 14: 0.03076923076923077, 15: 0.04615384615384621, 16: 0.05128205128205132, 17: 0.02564102564102555, 18: 0.07179487179487187, 19: 0.08717948717948709, 20: 0.06666666666666676, 21: 0.030769230769230715, 22: 0.06666666666666665, 23: 0.02564102564102566, 24: 0.06153846153846154, 25: 0.02564102564102566, 26: 0.051282051282051266, 27: 0.020512820512820495, 28: 0.015384615384615385, 29: 0.02564102564102566, 30: 0.03076923076923077, 31: 0.03076923076923077, 32: 0.030769230769230757, 33: 0.03076923076923077, 34: 0.015384615384615385, 35: 0.02564102564102564, 36: 0.010256410256410255, 37: 0.005128205128205129, 38: 0.005128205128205128, 39: 0.005128205128205128, 40: 0.0}"
Walker Kessler,SAC,SAC,points,11.5,0.7985164379446001,27.377777777777776,0.42857142857142855,0.5396825396825397,"{-3: 0.0, -2: 0.015873015873015928, -1: 0.06349206349206349, 0: 0.06349206349206349, 1: 0.0, 2: 0.04761904761904756, 3: 0.04761904761904767, 4: 0.015873015873015817, 5: 0.04761904761904767, 6: 0.09523809523809523, 7: 0.031746031746031744, 8: 0.031746031746031744, 9: 0.031746031746031744, 10: 0.015873015873015872, 11: 0.031746031746031744, 12: 0.031746031746031744, 13: 0.047619047619047616, 14: 0.047619047619047616, 15: 0.047619047619047616, 16: 0.047619047619047616, 17: 0.06349206349206349, 18: 0.07936507936507936, 19: 0.031746031746031744, 20: 0.0, 21: 0.015873015873015872, 22: 0.015873015873015872, 23: 0.0}"
Walker Kessler,SAC,SAC,rebounds,11.5,0.5410380195328859,11.155555555555557,0.29139072847682124,0.7019867549668874,"{-2: 0.0, -1: 0.0, 0: 0.0, 1: 0.0, 2: 0.019867549668874163, 3: 0.019867549668874163, 4: 0.026490066225165587, 5: 0.039735099337748325, 6: 0.0927152317880795, 7: 0.07947019867549665, 8: 0.06622516556291391, 9: 0.13245033112582782, 10: 0.07947019867549665, 11: 0.14569536423841062, 12: 0.07947019867549668, 13: 0.07284768211920531, 14: 0.03311258278145694, 15: 0.02649006622516556, 16: 0.039735099337748346, 17: 0.026490066225165566, 18: 0.0, 19: 0.013245033112582781, 20: 0.0}"
Malik Monk,UTA,SAC,points,19.5,0.7075968641070292,25.6,0.275,0.725,"{3: 0.018750000000000044, 4: 0.018749999999999933, 5: 0.018750000000000044, 6: 0.025000000000000022, 7: 0.02499999999999991, 8: 0.025000000000000022, 9: 0.04375000000000007, 10: 0.043749999999999956, 11: 0.05625000000000002, 12: 0.04999999999999993, 13: 0.050000000000000044, 14: 0.06874999999999998, 15: 0.018750000000000044, 16: 0.05624999999999997, 17: 0.08750000000000002, 18: 0.04999999999999999, 19: 0.06874999999999998, 20: 0.06250000000000003, 21: 0.04374999999999998, 22: 0.025000000000000022, 23: 0.024999999999999994, 24: 0.03749999999999999, 25: 0.03125, 26: 0.012500000000000004, 27: 0.012499999999999997, 28: 0.0125, 29: 0.0, 30: 0.0, 31: 0.00625, 32: 0.0, 33: 0.0, 34: 0.0, 35: 0.0, 36: 0.0, 37: 0.00625, 38: 0.0}"
Keon Ellis,UTA,SAC,points,7.5,0.6834852435676949,9.78888888888889,0.189873417721519,0.8101265822784811,"{0: 0.006329113924050633, 1: 0.012658227848101266, 2: 0.08860759493670886, 3: 0.10759493670886076, 4: 0.189873417721519, 5: 0.18354430379746836, 6: 0.08860759493670886, 7: 0.13291139240506328, 8: 0.08860759493670886, 9: 0.06329113924050633, 10: 0.012658227848101266, 11: 0.02531645569620253, 12: 0.0, 13: 0.0, 14: 0.0, 15: 0.0, 16: 0.0, 17: 0.0, 18: 0.0, 19: 0.0, 20: 0.0, 21: 0.0, 22: 0.0}"
Domantas Sabonis,UTA,SAC,points,18.5,0.6164669623827215,26.944444444444443,0.7468354430379747,0.25316455696202533,"{11: 0.025316455696202556, 12: 0.012658227848101222, 13: 0.012658227848101333, 14: 0.050632911392405, 15: 0.0, 16: 0.03797468354430378, 17: 0.07594936708860767, 18: 0.03797468354430378, 19: 0.050632911392405, 20: 0.10126582278481022, 21: 0.025316455696202445, 22: 0.07594936708860761, 23: 0.11392405063291139, 24: 0.03797468354430383, 25: 0.03797468354430378, 26: 0.03797468354430383, 27: 0.0632911392405063, 28: 0.037974683544303806, 29: 0.03797468354430378, 30: 0.012658227848101278, 31: 0.025316455696202528, 32: 0.0379746835443038, 33: 0.02531645569620253, 34: 0.012658227848101266, 35: 0.0, 36: 0.0, 37: 0.0, 38: 0.0, 39: 0.012658227848101266, 40: 0.0}"
Keegan Murray,UTA,SAC,points,12.5,0.4227724384709671,28.93333333333333,0.4316939890710383,0.5628415300546448,"{-6: 0.0, -5: 0.0, -4: 0.005464480874316946, -3: 0.0, -2: 0.0, -1: 0.005464480874316946, 0: 0.005464480874316946, 1: 0.010928961748633892, 2: 0.016393442622950838, 3: 0.016393442622950727, 4: 0.032786885245901676, 5: 0.032786885245901676, 6: 0.0491803278688524, 7: 0.06557377049180335, 8: 0.05464480874316935, 9: 0.04371584699453557, 10: 0.06557377049180324, 11: 0.09289617486338797, 12: 0.0655737704918033, 13: 0.054644808743169404, 14: 0.08196721311475408, 15: 0.07103825136612021, 16: 0.04371584699453551, 17: 0.06010928961748635, 18: 0.032786885245901634, 19: 0.005464480874316946, 20: 0.01639344262295081, 21: 0.027322404371584702, 22: 0.010928961748633882, 23: 0.0, 24: 0.016393442622950817, 25: 0.01092896174863388, 26: 0.0}"
Alperen Sengun,SAS,SAS,points,21.5,0.7473010971964217,46.76666666666667,0.44927536231884047,0.5507246376811594,"{4: 0.01449275362318836, 5: 0.0, 6: 0.0, 7: 0.0, 8: 0.007246376811594235, 9: 0.02898550724637683, 10: 0.021739130434782594, 11: 0.036231884057971064, 12: 0.02898550724637672, 13: 0.02898550724637683, 14: 0.021739130434782594, 15: 0.036231884057971064, 16: 0.02898550724637683, 17: 0.03623188405797095, 18: 0.0434782608695653, 19: 0.07246376811594202, 20: 0.04347826086956519, 21: 0.10144927536231885, 22: 0.06521739130434784, 23: 0.06521739130434784, 24: 0.06521739130434778, 25: 0.02898550724637683, 26: 0.03623188405797101, 27: 0.03623188405797101, 28: 0.028985507246376815, 29: 0.028985507246376815, 30: 0.021739130434782608, 31: 0.014492753623188408, 32: 0.0072463768115942, 33: 0.014492753623188408, 34: 0.0, 35: 0.007246376811594204, 36: 0.007246376811594204, 37: 0.0, 38: 0.007246376811594202, 39: 0.007246376811594203, 40: 0.0, 41: 0.0, 42: 0.0, 43: 0.007246376811594203, 44: 0.0}"
Chris Paul,HOU,SAS,points,8.5,0.7019745961259858,37.34444444444445,0.3706293706293706,0.6153846153846154,"{-7: 0.0, -6: 0.006993006993006978, -5: 0.006993006993007089, -4: 0.006993006993006978, -3: 0.04195804195804187, -2: 0.020979020979021046, -1: 0.027972027972027913, 0: 0.04195804195804198, 1: 0.034965034965035, 2: 0.027972027972027913, 3: 0.08391608391608396, 4: 0.020979020979020935, 5: 0.07692307692307698, 6: 0.08391608391608385, 7: 0.048951048951049014, 8: 0.0839160839160839, 9: 0.05594405594405594, 10: 0.06293706293706292, 11: 0.04195804195804198, 12: 0.06293706293706294, 13: 0.006993006993006978, 14: 0.02097902097902099, 15: 0.02797202797202797, 16: 0.04195804195804196, 17: 0.006993006993006992, 18: 0.0, 19: 0.013986013986013988, 20: 0.006993006993006992, 21: 0.006993006993006994, 22: 0.006993006993006993, 23: 0.0, 24: 0.0, 25: 0.006993006993006993, 26: 0.0}"
Chris Paul,HOU,SAS,assists,8.5,0.794750442351813,8.98888888888889,0.4098360655737705,0.5901639344262295,"{1: 0.016393442622950838, 2: 0.0, 3: 0.06557377049180324, 4: 0.032786885245901676, 5: 0.08196721311475408, 6: 0.16393442622950816, 7: 0.11475409836065575, 8: 0.11475409836065575, 9: 0.22950819672131148, 10: 0.016393442622950838, 11: 0.049180327868852444, 12: 0.06557377049180328, 13: 0.032786885245901634, 14: 0.0, 15: 0.0, 16: 0.01639344262295082, 17: 0.0}"
Devin Vassell,HOU,SAS,points,15.5,0.6928812078929882,29.95555555555556,0.4303797468354432,0.5569620253164558,"{-2: 0.0, -1: 0.0, 0: 0.0, 1: 0.012658227848101333, 2: 0.0, 3: 0.025316455696202556, 4: 0.050632911392405, 5: 0.0, 6: 0.012658227848101333, 7: 0.025316455696202445, 8: 0.03797468354430378, 9: 0.05063291139240511, 10: 0.025316455696202556, 11: 0.08860759493670889, 12: 0.08860759493670878, 13: 0.06329113924050633, 14: 0.03797468354430383, 15: 0.03797468354430378, 16: 0.025316455696202556, 17: 0.050632911392405056, 18: 0.025316455696202556, 19: 0.07594936708860756, 20: 0.06329113924050633, 21: 0.037974683544303806, 22: 0.025316455696202528, 23: 0.02531645569620254, 24: 0.012658227848101264, 25: 0.012658227848101264, 26: 0.0, 27: 0.025316455696202535, 28: 0.0, 29: 0.012658227848101264, 30: 0.012658227848101267, 31: 0.0, 32: 0.012658227848101266, 33: 0.012658227848101266, 34: 0.0}"
Dillon Brooks,SAS,SAS,points,12.5,0.5957044643677039,28.988888888888887,0.5223880597014925,0.4776119402985075,"{0: 0.014925373134328401, 1: 0.01492537313432829, 2: 0.014925373134328401, 3: 0.01492537313432829, 4: 0.014925373134328401, 5: 0.014925373134328401, 6: 0.01492537313432829, 7: 0.04477611940298509, 8: 0.02985074626865669, 9: 0.059701492537313494, 10: 0.07462686567164178, 11: 0.05970149253731338, 12: 0.10447761194029859, 13: 0.04477611940298504, 14: 0.02985074626865669, 15: 0.04477611940298509, 16: 0.13432835820895522, 17: 0.05970149253731344, 18: 0.014925373134328346, 19: 0.0746268656716418, 20: 0.04477611940298508, 21: 0.014925373134328353, 22: 0.0, 23: 0.029850746268656716, 24: 0.014925373134328358, 25: 0.0, 26: 0.0, 27: 0.0, 28: 0.0, 29: 0.0, 30: 0.0, 31: 0.0, 32: 0.0, 33: 0.0, 34: 0.0, 35: 0.0, 36: 0.0, 37: 0.014925373134328358, 38: 0.0}"
Jeremy Sochan,HOU,SAS,rebounds,8.5,0.5036841987980633,13.166666666666666,0.29655172413793096,0.6965517241379311,"{0: 0.006896551724137945, 1: 0.06206896551724139, 2: 0.06206896551724139, 3: 0.05517241379310345, 4: 0.10344827586206895, 5: 0.1103448275862069, 6: 0.096551724137931, 7: 0.1103448275862069, 8: 0.08965517241379312, 9: 0.05517241379310342, 10: 0.08275862068965517, 11: 0.06206896551724139, 12: 0.041379310344827586, 13: 0.013793103448275862, 14: 0.020689655172413793, 15: 0.006896551724137931, 16: 0.013793103448275862, 17: 0.0}"
De'Aaron Fox,HOU,SAS,points,23.5,0.5237666534209922,28.177777777777774,0.5357142857142856,0.4642857142857143,"{12: 0.017857142857142905, 13: 0.017857142857142794, 14: 0.017857142857142905, 15: 0.044642857142857095, 16: 0.0267857142857143, 17: 0.0357142857142857, 18: 0.0625, 19: 0.0892857142857143, 20: 0.0535714285714286, 21: 0.0267857142857143, 22: 0.017857142857142794, 23: 0.0535714285714286, 24: 0.0625, 25: 0.04464285714285715, 26: 0.0714285714285714, 27: 0.07142857142857145, 28: 0.008928571428571397, 29: 0.06250000000000003, 30: 0.01785714285714285, 31: 0.04464285714285715, 32: 0.0, 33: 0.01785714285714285, 34: 0.026785714285714288, 35: 0.01785714285714285, 36: 0.026785714285714288, 37: 0.008928571428571432, 38: 0.017857142857142856, 39: 0.008928571428571428, 40: 0.0, 41: 0.0, 42: 0.008928571428571428, 43: 0.008928571428571428, 44: 0.008928571428571428, 45: 0.0}"
Jalen Green,SAS,SAS,points,24.5,0.6592328072993472,73.33333333333333,0.2698412698412698,0.7142857142857144,"{-1: 0.0, 0: 0.0, 1: 0.015873015873015817, 2: 0.0, 3: 0.0, 4: 0.0, 5: 0.0, 6: 0.015873015873015928, 7: 0.0, 8: 0.015873015873015817, 9: 0.0, 10: 0.0, 11: 0.031746031746031744, 12: 0.031746031746031744, 13: 0.06349206349206349, 14: 0.015873015873015928, 15: 0.04761904761904756, 16: 0.015873015873015928, 17: 0.015873015873015817, 18: 0.031746031746031744, 19: 0.06349206349206349, 20: 0.11111111111111116, 21: 0.07936507936507936, 22: 0.06349206349206349, 23: 0.047619047619047616, 24: 0.047619047619047616, 25: 0.0, 26: 0.015873015873015872, 27: 0.031746031746031744, 28: 0.047619047619047616, 29: 0.015873015873015872, 30: 0.031746031746031744, 31: 0.015873015873015872, 32: 0.047619047619047616, 33: 0.031746031746031744, 34: 0.0, 35: 0.015873015873015872, 36: 0.0, 37: 0.0, 38: 0.0, 39: 0.0, 40: 0.0, 41: 0.0, 42: 0.0, 43: 0.015873015873015872, 44: 0.0}"
Harrison Barnes,HOU,SAS,points,11.5,0.8727117881460666,33.12222222222223,0.3298429319371728,0.6649214659685865,"{0: 0.005235602094240899, 1: 0.0, 2: 0.010471204188481686, 3: 0.02617801047120416, 4: 0.05759162303664922, 5: 0.03141361256544506, 6: 0.08900523560209417, 7: 0.10994764397905765, 8: 0.0680628272251309, 9: 0.1047120418848167, 10: 0.1099476439790576, 11: 0.05235602094240838, 12: 0.0942408376963351, 13: 0.07329842931937172, 14: 0.04712041884816755, 15: 0.05759162303664921, 16: 0.03664921465968586, 17: 0.010471204188481676, 18: 0.010471204188481676, 19: 0.0}"
Keldon Johnson,HOU,SAS,points,11.5,0.8531159473732155,32.01111111111111,0.5767195767195767,0.42328042328042326,"{4: 0.005291005291005346, 5: 0.010582010582010581, 6: 0.015873015873015817, 7: 0.05291005291005291, 8: 0.031746031746031744, 9: 0.08465608465608465, 10: 0.11111111111111116, 11: 0.11111111111111105, 12: 0.12169312169312174, 13: 0.13227513227513227, 14: 0.10582010582010581, 15: 0.1111111111111111, 16: 0.0582010582010582, 17: 0.010582010582010581, 18: 0.021164021164021163, 19: 0.005291005291005291, 20: 0.005291005291005291, 21: 0.005291005291005291, 22: 0.0}"
Jabari Smith Jr.,SAS,SAS,points,11.5,0.5325161806478766,30.0,0.4444444444444443,0.5490196078431373,"{-5: 0.0, -4: 0.0, -3: 0.0, -2: 0.013071895424836666, -1: 0.013071895424836555, 0: 0.0, 1: 0.045751633986928164, 2: 0.019607843137254832, 3: 0.039215686274509776, 4: 0.05228758169934644, 5: 0.0326797385620915, 6: 0.0326797385620915, 7: 0.045751633986928164, 8: 0.07189542483660127, 9: 0.04575163398692805, 10: 0.07189542483660138, 11: 0.065359477124183, 12: 0.07189542483660127, 13: 0.03921568627450983, 14: 0.0326797385620915, 15: 0.039215686274509776, 16: 0.03921568627450983, 17: 0.04575163398692808, 18: 0.032679738562091526, 19: 0.0326797385620915, 20: 0.0196078431372549, 21: 0.013071895424836596, 22: 0.006535947712418305, 23: 0.013071895424836596, 24: 0.0392156862745098, 25: 0.0, 26: 0.0065359477124183, 27: 0.006535947712418301, 28: 0.006535947712418301, 29: 0.0}"
