Player,Opponent Team,Home Team,Stat Type,Prop Line,R^2 Value,Variance (Last 10),Over Probability,Under Probability,Predicted Distribution,Probability,Over/Under
Ausar Thompson,LAC,LAC,points,11.5,0.2594801907671924,21.600000000000005,0.0507246376811594,0.9492753623188406,"{2: 0.021739130434782594, 3: 0.02898550724637683, 4: 0.021739130434782594, 5: 0.06521739130434778, 6: 0.12318840579710155, 7: 0.18840579710144922, 8: 0.2391304347826087, 9: 0.12318840579710144, 10: 0.07971014492753624, 11: 0.05797101449275362, 12: 0.014492753623188408, 13: 0.014492753623188408, 14: 0.014492753623188404, 15: 0.007246376811594203, 16: 0.0}",0.9492753623188406,under
Ben Sheppard,DEN,DEN,points,5.5,0.6889750317467418,30.544444444444448,0.0747663551401869,0.9252336448598132,"{0: 0.056074766355140186, 1: 0.1308411214953271, 2: 0.17757009345794392, 3: 0.2803738317757009, 4: 0.19626168224299065, 5: 0.08411214953271028, 6: 0.04672897196261682, 7: 0.018691588785046728, 8: 0.0, 9: 0.009345794392523364, 10: 0.0, 11: 0.0, 12: 0.0, 13: 0.0, 14: 0.0, 15: 0.0, 16: 0.0, 17: 0.0, 18: 0.0}",0.9252336448598131,under
Miles Bridges,SAC,CHA,points,22.5,0.5726401341956829,57.16666666666666,0.08,0.9200000000000002,"{1: 0.020000000000000018, 2: 0.0, 3: 0.020000000000000018, 4: 0.020000000000000018, 5: 0.019999999999999907, 6: 0.020000000000000018, 7: 0.06000000000000005, 8: 0.05999999999999994, 9: 0.040000000000000036, 10: 0.020000000000000018, 11: 0.05999999999999994, 12: 0.020000000000000018, 13: 0.07999999999999996, 14: 0.020000000000000018, 15: 0.08000000000000002, 16: 0.06, 17: 0.040000000000000036, 18: 0.06, 19: 0.06, 20: 0.07999999999999999, 21: 0.06, 22: 0.020000000000000004, 23: 0.020000000000000004, 24: 0.019999999999999997, 25: 0.0, 26: 0.0, 27: 0.02, 28: 0.0, 29: 0.02, 30: 0.0}",0.9199999999999999,under
Kyle Filipowski,POR,POR,points,11.5,0.6190402562811737,43.56666666666667,0.0769230769230769,0.902097902097902,"{-4: 0.0, -3: 0.013986013986014068, -2: 0.04195804195804187, -1: 0.027972027972028024, 0: 0.06293706293706292, 1: 0.06293706293706292, 2: 0.05594405594405594, 3: 0.05594405594405605, 4: 0.07692307692307687, 5: 0.11188811188811187, 6: 0.05594405594405594, 7: 0.07692307692307693, 8: 0.09790209790209792, 9: 0.07692307692307693, 10: 0.05594405594405594, 11: 0.02797202797202797, 12: 0.013986013986013984, 13: 0.034965034965034975, 14: 0.006993006993006992, 15: 0.0, 16: 0.006993006993006994, 17: 0.0, 18: 0.006993006993006993, 19: 0.006993006993006993, 20: 0.0}",0.9198797942240106,under
Jake LaRavia,CHA,CHA,points,3.5,0.5859911775046811,20.32222222222222,0.9151515151515152,0.0848484848484848,"{0: 0.0, 1: 0.012121212121212121, 2: 0.03636363636363636, 3: 0.03636363636363636, 4: 0.13333333333333333, 5: 0.11515151515151516, 6: 0.16363636363636364, 7: 0.14545454545454545, 8: 0.10303030303030303, 9: 0.10909090909090909, 10: 0.06666666666666667, 11: 0.048484848484848485, 12: 0.006060606060606061, 13: 0.024242424242424242, 14: 0.0, 15: 0.0, 16: 0.0, 17: 0.0, 18: 0.0, 19: 0.0, 20: 0.0, 21: 0.0, 22: 0.0, 23: 0.0, 24: 0.0, 25: 0.0, 26: 0.0}",0.9151515151515153,over
Jalen Duren,LAC,LAC,rebounds,12.5,0.7924814396275809,17.733333333333334,0.0982142857142857,0.875,"{-1: 0.008928571428571397, 0: 0.0, 1: 0.008928571428571397, 2: 0.0267857142857143, 3: 0.0357142857142857, 4: 0.0267857142857143, 5: 0.0803571428571429, 6: 0.1071428571428571, 7: 0.1071428571428572, 8: 0.0982142857142857, 9: 0.1607142857142857, 10: 0.09821428571428573, 11: 0.0625, 12: 0.05357142857142856, 13: 0.044642857142857144, 14: 0.017857142857142856, 15: 0.008928571428571428, 16: 0.017857142857142856, 17: 0.008928571428571428, 18: 0.0}",0.8965922444183314,under
Kyshawn George,BKN,BKN,points,9.5,0.8710377996364977,38.62222222222222,0.1160714285714285,0.8571428571428571,"{-5: 0.0267857142857143, -4: 0.017857142857142794, -3: 0.0535714285714286, -2: 0.0267857142857143, -1: 0.044642857142857095, 0: 0.044642857142857206, 1: 0.0625, 2: 0.0714285714285714, 3: 0.0803571428571429, 4: 0.08928571428571425, 5: 0.0714285714285714, 6: 0.09821428571428575, 7: 0.07142857142857142, 8: 0.07142857142857142, 9: 0.026785714285714274, 10: 0.04464285714285715, 11: 0.02678571428571428, 12: 0.01785714285714286, 13: 0.008928571428571428, 14: 0.008928571428571428, 15: 0.0, 16: 0.008928571428571428, 17: 0.0}",0.8778523489932887,under
Russell Westbrook,IND,DEN,points,12.5,0.3576303121821488,86.32222222222221,0.1310344827586207,0.8689655172413793,"{0: 0.006896551724137945, 1: 0.0, 2: 0.0, 3: 0.006896551724137945, 4: 0.020689655172413723, 5: 0.048275862068965614, 6: 0.06896551724137923, 7: 0.12413793103448278, 8: 0.12413793103448278, 9: 0.16551724137931034, 10: 0.12413793103448273, 11: 0.10344827586206898, 12: 0.07586206896551723, 13: 0.04827586206896553, 14: 0.06206896551724138, 15: 0.006896551724137931, 16: 0.006896551724137931, 17: 0.006896551724137931, 18: 0.0}",0.8689655172413793,under
Zeke Nnaji,IND,DEN,points,3.5,-0.254813671297339,3.8333333333333335,0.1343283582089552,0.8656716417910448,"{0: 0.1044776119402985, 1: 0.373134328358209, 2: 0.19402985074626866, 3: 0.19402985074626866, 4: 0.1044776119402985, 5: 0.029850746268656716, 6: 0.0, 7: 0.0, 8: 0.0, 9: 0.0, 10: 0.0}",0.8656716417910448,under
Johnny Juzang,POR,POR,points,9.5,0.4752949153537802,39.37777777777778,0.1368421052631579,0.8526315789473685,"{-11: 0.0, -10: 0.010526315789473606, -9: 0.010526315789473717, -8: 0.0, -7: 0.010526315789473717, -6: 0.021052631578947323, -5: 0.0, -4: 0.021052631578947434, -3: 0.010526315789473606, -2: 0.04210526315789476, -1: 0.03157894736842104, 0: 0.04210526315789476, 1: 0.06315789473684208, 2: 0.08421052631578951, 3: 0.0736842105263158, 4: 0.0736842105263158, 5: 0.10526315789473684, 6: 0.06315789473684208, 7: 0.06315789473684214, 8: 0.08421052631578946, 9: 0.04210526315789473, 10: 0.09473684210526317, 11: 0.010526315789473682, 12: 0.02105263157894737, 13: 0.010526315789473684, 14: 0.0}",0.8604362074810713,under
Dorian Finney-Smith,DAL,DAL,points,5.5,0.7108404616857155,23.55555555555556,0.8315789473684211,0.1684210526315789,"{0: 0.0, 1: 0.010526315789473684, 2: 0.021052631578947368, 3: 0.010526315789473684, 4: 0.05263157894736842, 5: 0.07368421052631578, 6: 0.11578947368421053, 7: 0.11578947368421053, 8: 0.08421052631578947, 9: 0.11578947368421053, 10: 0.08421052631578947, 11: 0.09473684210526316, 12: 0.08421052631578947, 13: 0.07368421052631578, 14: 0.021052631578947368, 15: 0.010526315789473684, 16: 0.021052631578947368, 17: 0.010526315789473684, 18: 0.0, 19: 0.0, 20: 0.0, 21: 0.0, 22: 0.0, 23: 0.0, 24: 0.0, 25: 0.0, 26: 0.0, 27: 0.0, 28: 0.0, 29: 0.0, 30: 0.0, 31: 0.0, 32: 0.0, 33: 0.0, 34: 0.0}",0.8315789473684211,over
Keegan Murray,CHA,CHA,points,12.5,0.5020453202498641,28.93333333333333,0.1641791044776119,0.8208955223880596,"{-1: 0.01492537313432829, 0: 0.0, 1: 0.02985074626865669, 2: 0.029850746268656803, 3: 0.01492537313432829, 4: 0.029850746268656803, 5: 0.10447761194029848, 6: 0.04477611940298509, 7: 0.05970149253731338, 8: 0.11940298507462688, 9: 0.07462686567164178, 10: 0.11940298507462688, 11: 0.08955223880597013, 12: 0.08955223880597016, 13: 0.04477611940298508, 14: 0.07462686567164178, 15: 0.0, 16: 0.029850746268656712, 17: 0.0, 18: 0.014925373134328358, 19: 0.0}",0.8312342569269522,under
Tyler Herro,ATL,MIA,points,25.5,0.6479212567486089,65.21111111111111,0.1862068965517241,0.8137931034482759,"{7: 0.006896551724137945, 8: 0.0, 9: 0.0, 10: 0.020689655172413834, 11: 0.006896551724137834, 12: 0.020689655172413834, 13: 0.020689655172413834, 14: 0.0, 15: 0.04137931034482756, 16: 0.06206896551724139, 17: 0.06896551724137934, 18: 0.0482758620689655, 19: 0.07586206896551717, 20: 0.08965517241379317, 21: 0.10344827586206895, 22: 0.05517241379310345, 23: 0.07586206896551723, 24: 0.03448275862068967, 25: 0.08275862068965514, 26: 0.041379310344827586, 27: 0.0413793103448276, 28: 0.041379310344827586, 29: 0.006896551724137931, 30: 0.034482758620689655, 31: 0.006896551724137931, 32: 0.013793103448275862, 33: 0.0}",0.8137931034482759,under
Davion Mitchell,ATL,MIA,points,7.5,0.7106627493617319,33.12222222222222,0.1884057971014492,0.8115942028985507,"{0: 0.0, 1: 0.014492753623188406, 2: 0.028985507246376812, 3: 0.13043478260869565, 4: 0.15942028985507245, 5: 0.12318840579710146, 6: 0.15942028985507245, 7: 0.1956521739130435, 8: 0.08695652173913043, 9: 0.014492753623188406, 10: 0.028985507246376812, 11: 0.036231884057971016, 12: 0.014492753623188406, 13: 0.0, 14: 0.007246376811594203, 15: 0.0, 16: 0.0, 17: 0.0, 18: 0.0, 19: 0.0, 20: 0.0, 21: 0.0, 22: 0.0, 23: 0.0, 24: 0.0, 25: 0.0, 26: 0.0, 27: 0.0, 28: 0.0}",0.8115942028985507,under
Jalen Williams,MIN,MIN,points,20.5,0.5338619005306652,32.32222222222222,0.2037037037037037,0.7962962962962963,"{9: 0.03703703703703709, 10: 0.0, 11: 0.03703703703703698, 12: 0.05555555555555558, 13: 0.03703703703703698, 14: 0.07407407407407407, 15: 0.20370370370370372, 16: 0.09259259259259262, 17: 0.037037037037037035, 18: 0.018518518518518545, 19: 0.07407407407407407, 20: 0.12962962962962962, 21: 0.07407407407407407, 22: 0.0, 23: 0.037037037037037035, 24: 0.037037037037037035, 25: 0.018518518518518517, 26: 0.018518518518518517, 27: 0.0, 28: 0.0, 29: 0.0, 30: 0.0, 31: 0.0, 32: 0.018518518518518517, 33: 0.0}",0.7962962962962963,under
James Harden,DET,LAC,points,27.5,0.7486621381943114,23.066666666666663,0.2063492063492063,0.7936507936507937,"{6: 0.005291005291005346, 7: 0.0, 8: 0.0, 9: 0.0, 10: 0.015873015873015817, 11: 0.0, 12: 0.010582010582010581, 13: 0.021164021164021163, 14: 0.031746031746031744, 15: 0.03703703703703709, 16: 0.021164021164021163, 17: 0.03703703703703698, 18: 0.05291005291005291, 19: 0.07407407407407407, 20: 0.05291005291005291, 21: 0.04761904761904767, 22: 0.0793650793650793, 23: 0.04761904761904767, 24: 0.06878306878306878, 25: 0.06878306878306878, 26: 0.07936507936507936, 27: 0.042328042328042326, 28: 0.037037037037037035, 29: 0.042328042328042326, 30: 0.05291005291005291, 31: 0.026455026455026454, 32: 0.010582010582010581, 33: 0.0, 34: 0.015873015873015872, 35: 0.005291005291005291, 36: 0.005291005291005291, 37: 0.005291005291005291, 38: 0.0, 39: 0.0, 40: 0.0, 41: 0.0, 42: 0.005291005291005291, 43: 0.0}",0.7936507936507937,under
Amir Coffey,DET,LAC,points,12.5,0.6855188365553213,32.988888888888894,0.2024539877300613,0.7791411042944785,"{-1: 0.0, 0: 0.012269938650306789, 1: 0.030674846625766805, 2: 0.030674846625766916, 3: 0.042944785276073594, 4: 0.018404907975460127, 5: 0.08588957055214719, 6: 0.07975460122699396, 7: 0.06748466257668706, 8: 0.09202453987730064, 9: 0.1165644171779141, 10: 0.04907975460122699, 11: 0.06134969325153372, 12: 0.09202453987730064, 13: 0.04294478527607362, 14: 0.04907975460122699, 15: 0.05521472392638037, 16: 0.012269938650306747, 17: 0.0061349693251533735, 18: 0.030674846625766874, 19: 0.006134969325153374, 20: 0.0}",0.7906922448344293,under
Tyrese Haliburton,DEN,DEN,points,18.5,0.6917490115626069,96.23333333333332,0.2037037037037037,0.7777777777777777,"{-8: 0.0, -7: 0.0, -6: 0.0, -5: 0.0185185185185186, -4: 0.01851851851851849, -3: 0.03703703703703698, -2: 0.0185185185185186, -1: 0.0, 0: 0.0, 1: 0.03703703703703698, 2: 0.03703703703703709, 3: 0.01851851851851849, 4: 0.0, 5: 0.0, 6: 0.01851851851851849, 7: 0.07407407407407407, 8: 0.01851851851851849, 9: 0.0185185185185186, 10: 0.03703703703703698, 11: 0.07407407407407407, 12: 0.05555555555555558, 13: 0.05555555555555558, 14: 0.055555555555555525, 15: 0.07407407407407407, 16: 0.018518518518518545, 17: 0.05555555555555555, 18: 0.037037037037037035, 19: 0.018518518518518517, 20: 0.018518518518518517, 21: 0.0, 22: 0.018518518518518517, 23: 0.018518518518518517, 24: 0.037037037037037035, 25: 0.0, 26: 0.0, 27: 0.0, 28: 0.037037037037037035, 29: 0.018518518518518517, 30: 0.0, 31: 0.0, 32: 0.0, 33: 0.0, 34: 0.018518518518518517, 35: 0.0, 36: 0.0, 37: 0.018518518518518517, 38: 0.0}",0.7893617021276595,under
Malik Beasley,LAC,LAC,points,15.5,0.3758951259255972,37.51111111111111,0.2222222222222222,0.7777777777777778,"{1: 0.01851851851851849, 2: 0.03703703703703709, 3: 0.01851851851851849, 4: 0.05555555555555558, 5: 0.03703703703703698, 6: 0.03703703703703709, 7: 0.03703703703703698, 8: 0.09259259259259267, 9: 0.09259259259259256, 10: 0.05555555555555558, 11: 0.07407407407407407, 12: 0.055555555555555525, 13: 0.037037037037037035, 14: 0.05555555555555558, 15: 0.07407407407407407, 16: 0.07407407407407407, 17: 0.05555555555555555, 18: 0.0, 19: 0.037037037037037035, 20: 0.05555555555555555, 21: 0.0}",0.7777777777777778,under
Dyson Daniels,MIA,MIA,points,15.5,0.7451152634535959,43.78888888888889,0.2388059701492537,0.7611940298507462,"{2: 0.014925373134328401, 3: 0.0, 4: 0.04477611940298498, 5: 0.0, 6: 0.014925373134328401, 7: 0.02985074626865669, 8: 0.0, 9: 0.08955223880597019, 10: 0.07462686567164178, 11: 0.07462686567164178, 12: 0.08955223880597019, 13: 0.07462686567164178, 14: 0.19402985074626866, 15: 0.05970149253731341, 16: 0.02985074626865672, 17: 0.0, 18: 0.044776119402985065, 19: 0.02985074626865672, 20: 0.05970149253731344, 21: 0.044776119402985065, 22: 0.0, 23: 0.014925373134328358, 24: 0.0, 25: 0.0, 26: 0.014925373134328358, 27: 0.0}",0.7611940298507462,under
Josh Green,SAC,CHA,points,7.5,0.5565290236534257,26.933333333333337,0.2399999999999999,0.76,"{0: 0.0, 1: 0.02, 2: 0.08, 3: 0.1, 4: 0.22, 5: 0.18, 6: 0.08, 7: 0.08, 8: 0.12, 9: 0.02, 10: 0.06, 11: 0.0, 12: 0.02, 13: 0.02, 14: 0.0, 15: 0.0, 16: 0.0, 17: 0.0, 18: 0.0, 19: 0.0, 20: 0.0, 21: 0.0, 22: 0.0, 23: 0.0, 24: 0.0, 25: 0.0, 26: 0.0}",0.76,under
Isaiah Hartenstein,MIN,MIN,points,10.5,0.7847486481720687,38.94444444444444,0.75,0.25,"{6: 0.010869565217391353, 7: 0.021739130434782594, 8: 0.04347826086956519, 9: 0.07608695652173914, 10: 0.09782608695652173, 11: 0.18478260869565222, 12: 0.22826086956521735, 13: 0.11956521739130435, 14: 0.07608695652173914, 15: 0.08695652173913043, 16: 0.043478260869565216, 17: 0.0, 18: 0.010869565217391304, 19: 0.0}",0.75,over
Anthony Edwards,OKC,MIN,points,26.5,0.8372406434177456,39.34444444444445,0.2459016393442622,0.737704918032787,"{-6: 0.0, -5: 0.0, -4: 0.0, -3: 0.0, -2: 0.0, -1: 0.0, 0: 0.0, 1: 0.0, 2: 0.0, 3: 0.0, 4: 0.0, 5: 0.0, 6: 0.016393442622950838, 7: 0.0, 8: 0.016393442622950838, 9: 0.016393442622950727, 10: 0.016393442622950838, 11: 0.049180327868852514, 12: 0.032786885245901565, 13: 0.016393442622950838, 14: 0.049180327868852514, 15: 0.0, 16: 0.0, 17: 0.0491803278688524, 18: 0.032786885245901676, 19: 0.0, 20: 0.06557377049180324, 21: 0.11475409836065575, 22: 0.09836065573770492, 23: 0.04918032786885246, 24: 0.0655737704918033, 25: 0.0, 26: 0.04918032786885246, 27: 0.06557377049180327, 28: 0.03278688524590165, 29: 0.032786885245901634, 30: 0.016393442622950824, 31: 0.016393442622950824, 32: 0.0, 33: 0.0, 34: 0.01639344262295081, 35: 0.016393442622950824, 36: 0.016393442622950817, 37: 0.0, 38: 0.01639344262295082, 39: 0.01639344262295082, 40: 0.0}",0.7468879668049793,under
Onyeka Okongwu,MIA,MIA,points,13.5,0.713017031467212,62.01111111111111,0.2530864197530864,0.7407407407407407,"{-5: 0.006172839506172867, -4: 0.012345679012345623, -3: 0.043209876543209846, -2: 0.0, -1: 0.012345679012345734, 0: 0.01851851851851849, 1: 0.03703703703703709, 2: 0.012345679012345623, 3: 0.03703703703703709, 4: 0.030864197530864113, 5: 0.012345679012345734, 6: 0.0679012345679012, 7: 0.06172839506172845, 8: 0.0679012345679012, 9: 0.09876543209876543, 10: 0.04938271604938271, 11: 0.07407407407407407, 12: 0.06172839506172839, 13: 0.037037037037037035, 14: 0.0432098765432099, 15: 0.037037037037037035, 16: 0.024691358024691357, 17: 0.024691358024691357, 18: 0.030864197530864196, 19: 0.037037037037037035, 20: 0.018518518518518517, 21: 0.006172839506172839, 22: 0.0, 23: 0.006172839506172839, 24: 0.012345679012345678, 25: 0.006172839506172839, 26: 0.006172839506172839, 27: 0.0}",0.74416454818581,under
Derrick Jones Jr.,DET,LAC,points,11.5,0.3522819162028699,22.45555555555556,0.25625,0.7437500000000001,"{0: 0.03125, 1: 0.025000000000000022, 2: 0.025000000000000022, 3: 0.018749999999999933, 4: 0.012500000000000067, 5: 0.09375, 6: 0.0625, 7: 0.09375, 8: 0.11249999999999993, 9: 0.11250000000000004, 10: 0.08749999999999997, 11: 0.06875000000000003, 12: 0.06874999999999998, 13: 0.04999999999999999, 14: 0.05000000000000002, 15: 0.04375, 16: 0.006249999999999999, 17: 0.03125, 18: 0.00625, 19: 0.0}",0.7437500000000001,under
Cade Cunningham,LAC,LAC,points,26.5,0.7601748043014279,21.51111111111111,0.2592592592592592,0.7407407407407407,"{14: 0.03703703703703709, 15: 0.01851851851851849, 16: 0.03703703703703698, 17: 0.03703703703703709, 18: 0.05555555555555558, 19: 0.09259259259259256, 20: 0.01851851851851849, 21: 0.05555555555555558, 22: 0.05555555555555558, 23: 0.1296296296296296, 24: 0.037037037037037035, 25: 0.07407407407407407, 26: 0.09259259259259262, 27: 0.09259259259259259, 28: 0.018518518518518517, 29: 0.037037037037037035, 30: 0.037037037037037035, 31: 0.037037037037037035, 32: 0.0, 33: 0.018518518518518517, 34: 0.0, 35: 0.018518518518518517, 36: 0.0}",0.7407407407407407,under
Tyrese Martin,WAS,BKN,points,6.5,0.6097364283784037,87.73333333333335,0.7407407407407407,0.2592592592592592,"{0: 0.0, 1: 0.0, 2: 0.005291005291005291, 3: 0.037037037037037035, 4: 0.0582010582010582, 5: 0.0582010582010582, 6: 0.10052910052910052, 7: 0.09523809523809523, 8: 0.12169312169312169, 9: 0.07936507936507936, 10: 0.12698412698412698, 11: 0.09523809523809523, 12: 0.10052910052910052, 13: 0.05291005291005291, 14: 0.031746031746031744, 15: 0.015873015873015872, 16: 0.021164021164021163, 17: 0.0, 18: 0.0, 19: 0.0, 20: 0.0, 21: 0.0, 22: 0.0, 23: 0.0, 24: 0.0, 25: 0.0, 26: 0.0, 27: 0.0, 28: 0.0, 29: 0.0, 30: 0.0, 31: 0.0, 32: 0.0}",0.7407407407407407,over
Zach LaVine,CHA,CHA,points,21.5,0.7229883025130394,58.766666666666666,0.7400000000000002,0.26,"{8: 0.020000000000000018, 9: 0.020000000000000018, 10: 0.0, 11: 0.020000000000000018, 12: 0.019999999999999907, 13: 0.040000000000000036, 14: 0.020000000000000018, 15: 0.020000000000000018, 16: 0.0, 17: 0.020000000000000018, 18: 0.0, 19: 0.0, 20: 0.05999999999999994, 21: 0.020000000000000018, 22: 0.020000000000000018, 23: 0.020000000000000018, 24: 0.0, 25: 0.05999999999999994, 26: 0.06000000000000005, 27: 0.039999999999999925, 28: 0.040000000000000036, 29: 0.020000000000000018, 30: 0.0, 31: 0.019999999999999962, 32: 0.040000000000000036, 33: 0.03999999999999998, 34: 0.03999999999999998, 35: 0.10000000000000003, 36: 0.03999999999999998, 37: 0.020000000000000018, 38: 0.01999999999999999, 39: 0.04000000000000001, 40: 0.0, 41: 0.01999999999999999, 42: 0.0, 43: 0.0, 44: 0.0, 45: 0.020000000000000004, 46: 0.0, 47: 0.020000000000000004, 48: 0.019999999999999997, 49: 0.0, 50: 0.0, 51: 0.02, 52: 0.0, 53: 0.0, 54: 0.0, 55: 0.0, 56: 0.0, 57: 0.0, 58: 0.0, 59: 0.0, 60: 0.0, 61: 0.02, 62: 0.0}",0.7400000000000001,over
Nic Claxton,WAS,BKN,points,12.5,0.6385266151031272,17.288888888888888,0.26,0.74,"{1: 0.020000000000000018, 2: 0.020000000000000018, 3: 0.0, 4: 0.039999999999999925, 5: 0.08000000000000007, 6: 0.12, 7: 0.05999999999999994, 8: 0.12, 9: 0.040000000000000036, 10: 0.08000000000000002, 11: 0.07999999999999996, 12: 0.08000000000000002, 13: 0.06, 14: 0.04000000000000001, 15: 0.06, 16: 0.04000000000000001, 17: 0.019999999999999997, 18: 0.0, 19: 0.02, 20: 0.02, 21: 0.0}",0.74,under
Jordan Poole,BKN,BKN,points,20.5,0.5519970341773166,85.95555555555556,0.7301587301587302,0.2698412698412699,"{5: 0.005291005291005346, 6: 0.0, 7: 0.0, 8: 0.005291005291005235, 9: 0.0, 10: 0.015873015873015928, 11: 0.005291005291005235, 12: 0.010582010582010581, 13: 0.0, 14: 0.015873015873015928, 15: 0.021164021164021163, 16: 0.026455026455026398, 17: 0.03703703703703709, 18: 0.03703703703703698, 19: 0.031746031746031744, 20: 0.05820105820105825, 21: 0.06349206349206349, 22: 0.05291005291005291, 23: 0.04761904761904756, 24: 0.03703703703703709, 25: 0.06878306878306878, 26: 0.06349206349206349, 27: 0.0582010582010582, 28: 0.026455026455026454, 29: 0.06878306878306878, 30: 0.047619047619047616, 31: 0.021164021164021163, 32: 0.026455026455026454, 33: 0.047619047619047616, 34: 0.021164021164021163, 35: 0.021164021164021163, 36: 0.015873015873015872, 37: 0.010582010582010581, 38: 0.015873015873015872, 39: 0.010582010582010581, 40: 0.005291005291005291, 41: 0.0}",0.7301587301587302,over
Bam Adebayo,ATL,MIA,points,19.5,0.5964965964602734,50.45555555555555,0.2698412698412698,0.73015873015873,"{0: 0.015873015873015928, 1: 0.0, 2: 0.0, 3: 0.015873015873015817, 4: 0.015873015873015928, 5: 0.0, 6: 0.0, 7: 0.031746031746031744, 8: 0.0, 9: 0.031746031746031744, 10: 0.04761904761904756, 11: 0.04761904761904767, 12: 0.015873015873015817, 13: 0.04761904761904767, 14: 0.04761904761904756, 15: 0.06349206349206349, 16: 0.12698412698412703, 17: 0.07936507936507936, 18: 0.09523809523809523, 19: 0.047619047619047616, 20: 0.015873015873015872, 21: 0.047619047619047616, 22: 0.015873015873015872, 23: 0.047619047619047616, 24: 0.031746031746031744, 25: 0.031746031746031744, 26: 0.0, 27: 0.015873015873015872, 28: 0.0, 29: 0.031746031746031744, 30: 0.0, 31: 0.015873015873015872, 32: 0.0, 33: 0.015873015873015872, 34: 0.0}",0.7301587301587301,under
Jake LaRavia,CHA,CHA,assists,3.5,0.5278952400767933,5.333333333333333,0.2698412698412698,0.73015873015873,"{0: 0.047619047619047616, 1: 0.21693121693121692, 2: 0.25925925925925924, 3: 0.20634920634920634, 4: 0.14814814814814814, 5: 0.0582010582010582, 6: 0.031746031746031744, 7: 0.026455026455026454, 8: 0.0, 9: 0.005291005291005291, 10: 0.0, 11: 0.0, 12: 0.0, 13: 0.0, 14: 0.0, 15: 0.0, 16: 0.0, 17: 0.0, 18: 0.0}",0.7301587301587301,under
Jamal Murray,IND,DEN,points,21.5,0.4362537671901266,49.12222222222223,0.2714285714285714,0.7214285714285715,"{0: 0.0, 1: 0.014285714285714346, 2: 0.0071428571428571175, 3: 0.0, 4: 0.0, 5: 0.0071428571428571175, 6: 0.02857142857142858, 7: 0.02857142857142858, 8: 0.050000000000000044, 9: 0.021428571428571352, 10: 0.07142857142857151, 11: 0.0357142857142857, 12: 0.042857142857142816, 13: 0.0357142857142857, 14: 0.09999999999999998, 15: 0.03571428571428581, 16: 0.06428571428571422, 17: 0.02857142857142858, 18: 0.06428571428571428, 19: 0.01428571428571429, 20: 0.0357142857142857, 21: 0.035714285714285754, 22: 0.0357142857142857, 23: 0.057142857142857134, 24: 0.04285714285714287, 25: 0.028571428571428567, 26: 0.021428571428571422, 27: 0.021428571428571436, 28: 0.007142857142857138, 29: 0.007142857142857138, 30: 0.007142857142857145, 31: 0.014285714285714287, 32: 0.007142857142857142, 33: 0.0071428571428571435, 34: 0.014285714285714285, 35: 0.0}",0.7251924169636862,under
Dorian Finney-Smith,DAL,DAL,rebounds,5.5,0.7951241173632736,2.2222222222222223,0.2847682119205298,0.7152317880794702,"{0: 0.013245033112582781, 1: 0.033112582781456956, 2: 0.1456953642384106, 3: 0.17218543046357615, 4: 0.1986754966887417, 5: 0.152317880794702, 6: 0.15894039735099338, 7: 0.0728476821192053, 8: 0.033112582781456956, 9: 0.019867549668874173, 10: 0.0, 11: 0.0, 12: 0.0, 13: 0.0, 14: 0.0, 15: 0.0, 16: 0.0, 17: 0.0, 18: 0.0}",0.7152317880794702,under
Jalen Duren,LAC,LAC,points,12.5,0.5382327423410282,28.666666666666668,0.2857142857142857,0.7053571428571428,"{-4: 0.0, -3: 0.0, -2: 0.008928571428571508, -1: 0.008928571428571397, 0: 0.0, 1: 0.0, 2: 0.0, 3: 0.017857142857142794, 4: 0.07142857142857151, 5: 0.0625, 6: 0.044642857142857095, 7: 0.0803571428571429, 8: 0.0714285714285714, 9: 0.0982142857142857, 10: 0.09821428571428575, 11: 0.08035714285714285, 12: 0.0625, 13: 0.06249999999999997, 14: 0.0625, 15: 0.0267857142857143, 16: 0.03571428571428571, 17: 0.044642857142857144, 18: 0.026785714285714284, 19: 0.017857142857142856, 20: 0.0, 21: 0.008928571428571428, 22: 0.0}",0.7098680482473892,under
Josh Giddey,PHI,CHI,points,16.5,0.5081092789111984,10.944444444444445,0.2842105263157894,0.6947368421052633,"{0: 0.03157894736842115, 1: 0.0, 2: 0.010526315789473606, 3: 0.010526315789473717, 4: 0.0, 5: 0.03157894736842104, 6: 0.04210526315789476, 7: 0.021052631578947323, 8: 0.0736842105263158, 9: 0.04210526315789476, 10: 0.052631578947368474, 11: 0.10526315789473684, 12: 0.042105263157894646, 13: 0.07368421052631585, 14: 0.05263157894736842, 15: 0.02105263157894738, 16: 0.08421052631578946, 17: 0.08421052631578946, 18: 0.03157894736842107, 19: 0.06315789473684211, 20: 0.021052631578947364, 21: 0.021052631578947364, 22: 0.0, 23: 0.01052631578947369, 24: 0.021052631578947364, 25: 0.02105263157894737, 26: 0.0, 27: 0.010526315789473684, 28: 0.0}",0.7052740434332989,under
Terance Mann,MIA,MIA,points,4.5,0.5504090037462597,11.433333333333334,0.2974683544303798,0.7025316455696202,"{0: 0.06329113924050633, 1: 0.0759493670886076, 2: 0.1962025316455696, 3: 0.22784810126582278, 4: 0.13924050632911392, 5: 0.12025316455696203, 6: 0.10759493670886076, 7: 0.04430379746835443, 8: 0.012658227848101266, 9: 0.012658227848101266, 10: 0.0, 11: 0.0, 12: 0.0, 13: 0.0, 14: 0.0, 15: 0.0, 16: 0.0, 17: 0.0, 18: 0.0}",0.7025316455696202,under
Caris LeVert,MIA,MIA,points,12.5,0.6045549360719151,17.77777777777778,0.2941176470588235,0.6911764705882353,"{0: 0.0, 1: 0.02941176470588236, 2: 0.02941176470588236, 3: 0.02941176470588236, 4: 0.07352941176470595, 5: 0.02941176470588236, 6: 0.044117647058823484, 7: 0.07352941176470584, 8: 0.014705882352941235, 9: 0.16176470588235292, 10: 0.08823529411764708, 11: 0.07352941176470584, 12: 0.04411764705882354, 13: 0.10294117647058826, 14: 0.05882352941176469, 15: 0.07352941176470588, 16: 0.0, 17: 0.0, 18: 0.014705882352941173, 19: 0.01470588235294118, 20: 0.0, 21: 0.0, 22: 0.029411764705882353, 23: 0.0}",0.6983810157462852,under
Jerami Grant,UTA,POR,points,15.5,0.7085527593692462,70.54444444444444,0.3088235294117647,0.6911764705882353,"{1: 0.014705882352941124, 2: 0.014705882352941235, 3: 0.014705882352941124, 4: 0.05882352941176472, 5: 0.02941176470588236, 6: 0.044117647058823595, 7: 0.02941176470588236, 8: 0.014705882352941124, 9: 0.05882352941176472, 10: 0.07352941176470584, 11: 0.07352941176470595, 12: 0.02941176470588236, 13: 0.08823529411764702, 14: 0.08823529411764702, 15: 0.05882352941176472, 16: 0.10294117647058826, 17: 0.01470588235294118, 18: 0.02941176470588233, 19: 0.01470588235294118, 20: 0.0, 21: 0.0, 22: 0.04411764705882354, 23: 0.029411764705882346, 24: 0.01470588235294118, 25: 0.044117647058823525, 26: 0.0, 27: 0.0, 28: 0.0, 29: 0.0, 30: 0.0, 31: 0.014705882352941176, 32: 0.0}",0.6911764705882353,under
Zaccharie Risacher,MIA,MIA,points,11.5,0.6808455832142978,79.83333333333333,0.3037974683544304,0.6835443037974684,"{-1: 0.025316455696202556, 0: 0.012658227848101333, 1: 0.025316455696202445, 2: 0.0, 3: 0.07594936708860767, 4: 0.050632911392405, 5: 0.025316455696202556, 6: 0.11392405063291144, 7: 0.07594936708860756, 8: 0.07594936708860756, 9: 0.07594936708860761, 10: 0.07594936708860761, 11: 0.050632911392405056, 12: 0.06329113924050633, 13: 0.07594936708860761, 14: 0.10126582278481011, 15: 0.025316455696202535, 16: 0.0, 17: 0.025316455696202535, 18: 0.012658227848101266, 19: 0.0}",0.6895874263261297,under
Paul George,CHI,CHI,points,17.5,0.8290340904887589,69.65555555555555,0.3148148148148147,0.6851851851851851,"{2: 0.03703703703703709, 3: 0.0, 4: 0.0, 5: 0.0, 6: 0.01851851851851849, 7: 0.05555555555555558, 8: 0.05555555555555547, 9: 0.07407407407407407, 10: 0.05555555555555558, 11: 0.01851851851851849, 12: 0.07407407407407407, 13: 0.03703703703703709, 14: 0.07407407407407407, 15: 0.018518518518518545, 16: 0.1296296296296296, 17: 0.037037037037037035, 18: 0.0740740740740741, 19: 0.037037037037037035, 20: 0.037037037037037035, 21: 0.018518518518518517, 22: 0.018518518518518517, 23: 0.037037037037037035, 24: 0.018518518518518517, 25: 0.0, 26: 0.018518518518518517, 27: 0.0, 28: 0.018518518518518517, 29: 0.018518518518518517, 30: 0.0, 31: 0.0, 32: 0.018518518518518517, 33: 0.0}",0.6851851851851851,under
Terance Mann,MIA,MIA,rebounds,4.5,0.7863868745653272,2.677777777777778,0.3202614379084967,0.6797385620915033,"{0: 0.013071895424836602, 1: 0.0784313725490196, 2: 0.20261437908496732, 3: 0.17647058823529413, 4: 0.20915032679738563, 5: 0.1568627450980392, 6: 0.09803921568627451, 7: 0.032679738562091505, 8: 0.013071895424836602, 9: 0.006535947712418301, 10: 0.013071895424836602, 11: 0.0, 12: 0.0, 13: 0.0, 14: 0.0, 15: 0.0, 16: 0.0, 17: 0.0, 18: 0.0, 19: 0.0, 20: 0.0}",0.6797385620915033,under
Clint Capela,MIA,MIA,rebounds,6.5,0.6166860381429986,7.777777777777778,0.6785714285714285,0.3214285714285714,"{0: 0.0, 1: 0.0, 2: 0.0, 3: 0.03571428571428571, 4: 0.06428571428571428, 5: 0.11428571428571428, 6: 0.10714285714285714, 7: 0.1357142857142857, 8: 0.11428571428571428, 9: 0.1, 10: 0.10714285714285714, 11: 0.02857142857142857, 12: 0.08571428571428572, 13: 0.05714285714285714, 14: 0.007142857142857143, 15: 0.007142857142857143, 16: 0.02142857142857143, 17: 0.007142857142857143, 18: 0.0, 19: 0.007142857142857143, 20: 0.0, 21: 0.0, 22: 0.0, 23: 0.0, 24: 0.0, 25: 0.0, 26: 0.0, 27: 0.0, 28: 0.0, 29: 0.0, 30: 0.0, 31: 0.0, 32: 0.0, 33: 0.0, 34: 0.0, 35: 0.0, 36: 0.0, 37: 0.0, 38: 0.0}",0.6785714285714286,over
Andrew Nembhard,DEN,DEN,points,11.5,0.7540505936302799,17.65555555555555,0.3174603174603174,0.6666666666666665,"{-8: 0.0, -7: 0.015873015873015817, -6: 0.015873015873015928, -5: 0.0, -4: 0.0, -3: 0.031746031746031744, -2: 0.031746031746031744, -1: 0.031746031746031744, 0: 0.015873015873015817, 1: 0.031746031746031744, 2: 0.015873015873015928, 3: 0.06349206349206349, 4: 0.031746031746031744, 5: 0.031746031746031744, 6: 0.0793650793650793, 7: 0.031746031746031744, 8: 0.06349206349206354, 9: 0.031746031746031744, 10: 0.07936507936507936, 11: 0.06349206349206349, 12: 0.07936507936507936, 13: 0.031746031746031744, 14: 0.06349206349206349, 15: 0.015873015873015872, 16: 0.015873015873015872, 17: 0.031746031746031744, 18: 0.015873015873015872, 19: 0.0, 20: 0.031746031746031744, 21: 0.0, 22: 0.015873015873015872, 23: 0.015873015873015872, 24: 0.0}",0.6739130434782608,under
Kyrie Irving,LAL,DAL,points,26.5,0.6353999298171287,76.71111111111111,0.3285714285714284,0.6714285714285714,"{4: 0.0071428571428571175, 5: 0.0, 6: 0.0, 7: 0.014285714285714346, 8: 0.0071428571428571175, 9: 0.0071428571428571175, 10: 0.0, 11: 0.014285714285714346, 12: 0.02857142857142858, 13: 0.02857142857142847, 14: 0.014285714285714346, 15: 0.021428571428571463, 16: 0.021428571428571352, 17: 0.021428571428571463, 18: 0.050000000000000044, 19: 0.042857142857142816, 20: 0.07857142857142851, 21: 0.02857142857142858, 22: 0.09285714285714286, 23: 0.021428571428571463, 24: 0.08571428571428569, 25: 0.050000000000000044, 26: 0.0357142857142857, 27: 0.07857142857142857, 28: 0.007142857142857145, 29: 0.02857142857142858, 30: 0.06428571428571428, 31: 0.028571428571428567, 32: 0.028571428571428567, 33: 0.021428571428571436, 34: 0.007142857142857145, 35: 0.007142857142857138, 36: 0.007142857142857138, 37: 0.0, 38: 0.01428571428571429, 39: 0.014285714285714284, 40: 0.0, 41: 0.0071428571428571435, 42: 0.0, 43: 0.0, 44: 0.007142857142857143, 45: 0.007142857142857143, 46: 0.0}",0.6714285714285715,under
Spencer Dinwiddie,LAL,DAL,points,8.5,0.7397741390136174,22.23333333333333,0.6538461538461539,0.3365384615384615,"{-2: 0.028846153846153855, -1: 0.009615384615384692, 0: 0.0, 1: 0.019230769230769162, 2: 0.038461538461538436, 3: 0.019230769230769273, 4: 0.009615384615384581, 5: 0.04807692307692313, 6: 0.08653846153846156, 7: 0.04807692307692302, 8: 0.028846153846153855, 9: 0.019230769230769273, 10: 0.028846153846153855, 11: 0.04807692307692302, 12: 0.028846153846153855, 13: 0.03846153846153849, 14: 0.038461538461538436, 15: 0.03846153846153849, 16: 0.0288461538461538, 17: 0.05769230769230771, 18: 0.04807692307692307, 19: 0.04807692307692307, 20: 0.019230769230769246, 21: 0.038461538461538464, 22: 0.019230769230769218, 23: 0.019230769230769246, 24: 0.009615384615384609, 25: 0.0, 26: 0.02884615384615384, 27: 0.0, 28: 0.028846153846153855, 29: 0.019230769230769225, 30: 0.019230769230769232, 31: 0.0, 32: 0.019230769230769232, 33: 0.0, 34: 0.0, 35: 0.0, 36: 0.009615384615384616, 37: 0.0}",0.6601941747572816,over
Coby White,PHI,CHI,points,19.5,0.6376893391457182,74.71111111111112,0.3442622950819672,0.6557377049180327,"{8: 0.049180327868852514, 9: 0.032786885245901565, 10: 0.016393442622950838, 11: 0.0, 12: 0.06557377049180324, 13: 0.08196721311475419, 14: 0.09836065573770492, 15: 0.06557377049180324, 16: 0.0491803278688524, 17: 0.049180327868852514, 18: 0.04918032786885246, 19: 0.09836065573770492, 20: 0.016393442622950838, 21: 0.11475409836065573, 22: 0.01639344262295081, 23: 0.06557377049180327, 24: 0.03278688524590165, 25: 0.04918032786885246, 26: 0.0, 27: 0.04918032786885246, 28: 0.0}",0.6557377049180327,under
Bennedict Mathurin,DEN,DEN,points,14.5,0.786496901408098,99.15555555555554,0.6400000000000001,0.3399999999999999,"{-4: 0.0, -3: 0.0, -2: 0.0, -1: 0.0, 0: 0.020000000000000018, 1: 0.0, 2: 0.020000000000000018, 3: 0.019999999999999907, 4: 0.020000000000000018, 5: 0.0, 6: 0.020000000000000018, 7: 0.020000000000000018, 8: 0.0, 9: 0.0, 10: 0.07999999999999996, 11: 0.0, 12: 0.040000000000000036, 13: 0.05999999999999994, 14: 0.040000000000000036, 15: 0.040000000000000036, 16: 0.0, 17: 0.020000000000000018, 18: 0.019999999999999907, 19: 0.06000000000000005, 20: 0.03999999999999998, 21: 0.020000000000000018, 22: 0.020000000000000018, 23: 0.07999999999999996, 24: 0.0, 25: 0.020000000000000018, 26: 0.03999999999999998, 27: 0.020000000000000018, 28: 0.0, 29: 0.06, 30: 0.04000000000000001, 31: 0.04000000000000001, 32: 0.01999999999999999, 33: 0.020000000000000004, 34: 0.0, 35: 0.0, 36: 0.020000000000000004, 37: 0.0, 38: 0.0, 39: 0.0, 40: 0.0, 41: 0.0, 42: 0.0, 43: 0.019999999999999997, 44: 0.0, 45: 0.02, 46: 0.0, 47: 0.0, 48: 0.0, 49: 0.0, 50: 0.0, 51: 0.0, 52: 0.0, 53: 0.0, 54: 0.02, 55: 0.0}",0.653061224489796,over
Austin Reaves,DAL,DAL,points,18.5,0.7311145878388798,37.34444444444445,0.3492063492063492,0.6507936507936509,"{9: 0.04761904761904767, 10: 0.06349206349206349, 11: 0.015873015873015817, 12: 0.06349206349206349, 13: 0.04761904761904767, 14: 0.06349206349206349, 15: 0.04761904761904756, 16: 0.1428571428571429, 17: 0.047619047619047616, 18: 0.1111111111111111, 19: 0.07936507936507936, 20: 0.07936507936507936, 21: 0.047619047619047616, 22: 0.0, 23: 0.015873015873015872, 24: 0.031746031746031744, 25: 0.047619047619047616, 26: 0.015873015873015872, 27: 0.031746031746031744, 28: 0.0}",0.6507936507936509,under
Aaron Wiggins,MIN,MIN,points,10.5,0.2733330052499997,10.4,0.345679012345679,0.6481481481481481,"{-2: 0.012345679012345623, -1: 0.0, 0: 0.012345679012345734, 1: 0.012345679012345623, 2: 0.024691358024691357, 3: 0.03703703703703709, 4: 0.0679012345679012, 5: 0.0679012345679012, 6: 0.0864197530864198, 7: 0.05555555555555558, 8: 0.09876543209876543, 9: 0.08641975308641975, 10: 0.08641975308641975, 11: 0.04938271604938271, 12: 0.08024691358024691, 13: 0.08641975308641975, 14: 0.04938271604938271, 15: 0.024691358024691357, 16: 0.006172839506172839, 17: 0.018518518518518517, 18: 0.006172839506172839, 19: 0.012345679012345678, 20: 0.006172839506172839, 21: 0.006172839506172839, 22: 0.0}",0.650767987065481,under
Ziaire Williams,WAS,BKN,points,10.5,0.7474803324986642,33.788888888888884,0.3432835820895522,0.6417910447761193,"{-4: 0.0, -3: 0.01492537313432829, -2: 0.04477611940298509, -1: 0.0, 0: 0.0, 1: 0.08955223880597019, 2: 0.04477611940298509, 3: 0.07462686567164178, 4: 0.05970149253731338, 5: 0.04477611940298509, 6: 0.04477611940298509, 7: 0.0, 8: 0.08955223880597013, 9: 0.04477611940298509, 10: 0.08955223880597013, 11: 0.07462686567164178, 12: 0.02985074626865672, 13: 0.044776119402985065, 14: 0.014925373134328374, 15: 0.02985074626865672, 16: 0.0, 17: 0.0, 18: 0.044776119402985065, 19: 0.01492537313432836, 20: 0.01492537313432836, 21: 0.014925373134328353, 22: 0.01492537313432836, 23: 0.029850746268656712, 24: 0.0, 25: 0.014925373134328358, 26: 0.0}",0.6480931719570677,under
Toumani Camara,UTA,POR,points,12.5,0.6842492274989268,23.83333333333333,0.3478260869565217,0.644927536231884,"{-7: 0.0, -6: 0.0, -5: 0.0, -4: 0.0, -3: 0.0, -2: 0.0, -1: 0.007246376811594124, 0: 0.007246376811594235, 1: 0.007246376811594235, 2: 0.021739130434782594, 3: 0.036231884057971064, 4: 0.03623188405797095, 5: 0.050724637681159424, 6: 0.07246376811594202, 7: 0.0652173913043479, 8: 0.050724637681159424, 9: 0.10144927536231874, 10: 0.07971014492753631, 11: 0.04347826086956519, 12: 0.06521739130434784, 13: 0.050724637681159424, 14: 0.08695652173913043, 15: 0.043478260869565216, 16: 0.0434782608695652, 17: 0.014492753623188415, 18: 0.05072463768115942, 19: 0.021739130434782608, 20: 0.036231884057971016, 21: 0.0}",0.6479778923314025,under
Andrew Wiggins,ATL,MIA,points,20.5,0.6758698138226851,46.94444444444444,0.3600000000000001,0.6400000000000001,"{0: 0.020000000000000018, 1: 0.040000000000000036, 2: 0.019999999999999907, 3: 0.020000000000000018, 4: 0.040000000000000036, 5: 0.0, 6: 0.020000000000000018, 7: 0.039999999999999925, 8: 0.040000000000000036, 9: 0.0, 10: 0.0, 11: 0.040000000000000036, 12: 0.05999999999999994, 13: 0.06000000000000005, 14: 0.0, 15: 0.039999999999999925, 16: 0.040000000000000036, 17: 0.040000000000000036, 18: 0.019999999999999962, 19: 0.020000000000000018, 20: 0.08000000000000002, 21: 0.06, 22: 0.019999999999999962, 23: 0.08000000000000002, 24: 0.020000000000000018, 25: 0.01999999999999999, 26: 0.04000000000000001, 27: 0.01999999999999999, 28: 0.04000000000000001, 29: 0.0, 30: 0.019999999999999997, 31: 0.02, 32: 0.02, 33: 0.0}",0.64,under
Malik Monk,CHA,CHA,points,18.5,0.7172327201456612,25.6,0.3695652173913042,0.6304347826086957,"{3: 0.021739130434782594, 4: 0.0, 5: 0.021739130434782594, 6: 0.03260869565217395, 7: 0.021739130434782594, 8: 0.03260869565217395, 9: 0.021739130434782594, 10: 0.04347826086956519, 11: 0.010869565217391353, 12: 0.04347826086956519, 13: 0.07608695652173914, 14: 0.11956521739130432, 15: 0.03260869565217395, 16: 0.04347826086956519, 17: 0.03260869565217395, 18: 0.07608695652173914, 19: 0.054347826086956486, 20: 0.043478260869565244, 21: 0.043478260869565216, 22: 0.043478260869565216, 23: 0.03260869565217389, 24: 0.03260869565217392, 25: 0.03260869565217392, 26: 0.03260869565217391, 27: 0.03260869565217391, 28: 0.010869565217391304, 29: 0.0, 30: 0.010869565217391304, 31: 0.0}",0.6304347826086957,under
Tim Hardaway Jr.,LAC,LAC,points,10.5,0.5728394231670925,20.98888888888889,0.37125748502994,0.6227544910179641,"{0: 0.0, 1: 0.017964071856287345, 2: 0.0, 3: 0.0119760479041916, 4: 0.017964071856287456, 5: 0.017964071856287456, 6: 0.07185628742514971, 7: 0.14970059880239517, 8: 0.10179640718562877, 9: 0.13173652694610777, 10: 0.10179640718562877, 11: 0.08383233532934131, 12: 0.09580838323353291, 13: 0.06586826347305391, 14: 0.029940119760479028, 15: 0.035928143712574856, 16: 0.017964071856287428, 17: 0.01796407185628742, 18: 0.017964071856287428, 19: 0.005988023952095809, 20: 0.0}",0.6250995727424143,under
Trae Young,MIA,MIA,points,27.5,0.4418747460186321,116.9888888888889,0.379032258064516,0.6209677419354838,"{2: 0.008064516129032251, 3: 0.0, 4: 0.0, 5: 0.0, 6: 0.008064516129032251, 7: 0.0, 8: 0.008064516129032251, 9: 0.016129032258064502, 10: 0.0, 11: 0.016129032258064502, 12: 0.0, 13: 0.016129032258064613, 14: 0.016129032258064502, 15: 0.016129032258064502, 16: 0.040322580645161255, 17: 0.048387096774193616, 18: 0.024193548387096753, 19: 0.024193548387096753, 20: 0.07258064516129037, 21: 0.040322580645161255, 22: 0.008064516129032251, 23: 0.040322580645161255, 24: 0.07258064516129037, 25: 0.048387096774193505, 26: 0.024193548387096808, 27: 0.07258064516129031, 28: 0.032258064516129004, 29: 0.03225806451612906, 30: 0.04838709677419356, 31: 0.04838709677419353, 32: 0.05645161290322581, 33: 0.02419354838709678, 34: 0.024193548387096767, 35: 0.024193548387096767, 36: 0.016129032258064516, 37: 0.008064516129032265, 38: 0.016129032258064516, 39: 0.016129032258064516, 40: 0.0, 41: 0.008064516129032258, 42: 0.0, 43: 0.008064516129032258, 44: 0.0, 45: 0.0, 46: 0.0, 47: 0.008064516129032258, 48: 0.0, 49: 0.008064516129032258, 50: 0.0}",0.6209677419354839,under
Anfernee Simons,UTA,POR,points,21.5,0.8416512229225075,37.87777777777777,0.3738317757009345,0.616822429906542,"{-4: 0.0, -3: 0.0, -2: 0.009345794392523366, -1: 0.0, 0: 0.01869158878504673, 1: 0.0, 2: 0.009345794392523366, 3: 0.01869158878504673, 4: 0.0, 5: 0.03738317757009346, 6: 0.028037383177570097, 7: 0.0, 8: 0.03738317757009346, 9: 0.01869158878504673, 10: 0.03738317757009346, 11: 0.028037383177570097, 12: 0.028037383177570097, 13: 0.04672897196261683, 14: 0.05607476635514019, 15: 0.009345794392523366, 16: 0.028037383177570097, 17: 0.028037383177570097, 18: 0.03738317757009346, 19: 0.03738317757009341, 20: 0.05607476635514019, 21: 0.04672897196261683, 22: 0.04672897196261683, 23: 0.03738317757009346, 24: 0.03738317757009346, 25: 0.018691588785046703, 26: 0.04672897196261683, 27: 0.028037383177570097, 28: 0.01869158878504673, 29: 0.028037383177570083, 30: 0.01869158878504673, 31: 0.01869158878504673, 32: 0.009345794392523366, 33: 0.009345794392523359, 34: 0.0, 35: 0.0, 36: 0.009345794392523366, 37: 0.028037383177570093, 38: 0.0, 39: 0.0, 40: 0.0, 41: 0.009345794392523364, 42: 0.0, 43: 0.0, 44: 0.0, 45: 0.0, 46: 0.0, 47: 0.009345794392523364, 48: 0.0}",0.6204327775807024,under
Isaiah Stewart,LAC,LAC,points,5.5,0.5563933198357929,10.944444444444445,0.3821138211382113,0.6178861788617886,"{0: 0.0, 1: 0.024390243902439025, 2: 0.13008130081300814, 3: 0.12195121951219512, 4: 0.17073170731707318, 5: 0.17073170731707318, 6: 0.14634146341463414, 7: 0.056910569105691054, 8: 0.08130081300813008, 9: 0.056910569105691054, 10: 0.04065040650406504, 11: 0.0, 12: 0.0, 13: 0.0, 14: 0.0, 15: 0.0, 16: 0.0, 17: 0.0, 18: 0.0, 19: 0.0, 20: 0.0}",0.6178861788617886,under
Isaiah Joe,MIN,MIN,points,9.5,0.8329712318147056,10.011111111111113,0.373134328358209,0.6119402985074627,"{-1: 0.01492537313432829, 0: 0.0, 1: 0.07462686567164178, 2: 0.029850746268656803, 3: 0.02985074626865669, 4: 0.07462686567164178, 5: 0.08955223880597007, 6: 0.04477611940298509, 7: 0.16417910447761197, 8: 0.04477611940298509, 9: 0.04477611940298504, 10: 0.10447761194029853, 11: 0.07462686567164178, 12: 0.05970149253731344, 13: 0.08955223880597016, 14: 0.04477611940298507, 15: 0.0}",0.617667199269573,under
Ivica Zubac,DET,LAC,points,17.5,0.7068111813225746,37.37777777777778,0.6149732620320856,0.3850267379679144,"{3: 0.005347593582887722, 4: 0.0, 5: 0.005347593582887722, 6: 0.0, 7: 0.005347593582887611, 8: 0.0, 9: 0.010695187165775444, 10: 0.0267379679144385, 11: 0.03208556149732622, 12: 0.021390374331550777, 13: 0.03743315508021394, 14: 0.05882352941176472, 15: 0.05882352941176472, 16: 0.09090909090909083, 17: 0.03208556149732622, 18: 0.06951871657754016, 19: 0.07486631016042777, 20: 0.1229946524064171, 21: 0.0802139037433155, 22: 0.05882352941176472, 23: 0.0267379679144385, 24: 0.053475935828877, 25: 0.021390374331550818, 26: 0.021390374331550804, 27: 0.02139037433155079, 28: 0.02139037433155081, 29: 0.010695187165775395, 30: 0.016042780748663103, 31: 0.005347593582887703, 32: 0.0053475935828877, 33: 0.0, 34: 0.0053475935828877, 35: 0.0}",0.6149732620320856,over
Rui Hachimura,DAL,DAL,points,14.5,0.4022917271872648,33.12222222222223,0.6078431372549017,0.3856209150326798,"{-2: 0.0, -1: 0.0, 0: 0.0, 1: 0.006535947712418277, 2: 0.0, 3: 0.0065359477124183885, 4: 0.013071895424836555, 5: 0.006535947712418277, 6: 0.013071895424836666, 7: 0.039215686274509776, 8: 0.039215686274509776, 9: 0.02614379084967322, 10: 0.013071895424836555, 11: 0.05228758169934644, 12: 0.09150326797385622, 13: 0.039215686274509776, 14: 0.03921568627450989, 15: 0.05228758169934633, 16: 0.019607843137254943, 17: 0.052287581699346386, 18: 0.10457516339869283, 19: 0.0980392156862745, 20: 0.0326797385620915, 21: 0.019607843137254916, 22: 0.065359477124183, 23: 0.0392156862745098, 24: 0.03267973856209151, 25: 0.0326797385620915, 26: 0.013071895424836603, 27: 0.013071895424836596, 28: 0.006535947712418302, 29: 0.006535947712418302, 30: 0.0, 31: 0.0130718954248366, 32: 0.0, 33: 0.0, 34: 0.0, 35: 0.006535947712418301, 36: 0.0}",0.6118421052631577,over
Klay Thompson,LAL,DAL,points,13.5,0.4652495006630869,23.06666666666667,0.6031746031746033,0.3968253968253968,"{2: 0.005291005291005346, 3: 0.0, 4: 0.005291005291005235, 5: 0.0, 6: 0.005291005291005346, 7: 0.021164021164021163, 8: 0.015873015873015817, 9: 0.042328042328042326, 10: 0.06878306878306883, 11: 0.0793650793650793, 12: 0.08994708994709, 13: 0.06349206349206349, 14: 0.1111111111111111, 15: 0.12698412698412698, 16: 0.08994708994708994, 17: 0.047619047619047616, 18: 0.06349206349206349, 19: 0.06878306878306878, 20: 0.031746031746031744, 21: 0.021164021164021163, 22: 0.015873015873015872, 23: 0.015873015873015872, 24: 0.0, 25: 0.005291005291005291, 26: 0.005291005291005291, 27: 0.0}",0.6031746031746033,over
LeBron James,DAL,DAL,points,24.5,0.6860012796762489,65.28888888888889,0.3956834532374101,0.5971223021582734,"{-1: 0.0, 0: 0.0, 1: 0.007194244604316613, 2: 0.007194244604316502, 3: 0.007194244604316613, 4: 0.0, 5: 0.0, 6: 0.0, 7: 0.014388489208633004, 8: 0.007194244604316613, 9: 0.014388489208633115, 10: 0.014388489208633004, 11: 0.02877697841726623, 12: 0.014388489208633115, 13: 0.05035971223021585, 14: 0.021582733812949617, 15: 0.014388489208633115, 16: 0.014388489208633004, 17: 0.007194244604316613, 18: 0.05755395683453235, 19: 0.05755395683453235, 20: 0.06474820143884896, 21: 0.05755395683453235, 22: 0.02877697841726623, 23: 0.08633093525179852, 24: 0.021582733812949673, 25: 0.007194244604316502, 26: 0.07913669064748202, 27: 0.05035971223021585, 28: 0.04316546762589929, 29: 0.021582733812949617, 30: 0.028776978417266202, 31: 0.043165467625899276, 32: 0.04316546762589929, 33: 0.02877697841726618, 34: 0.014388489208633094, 35: 0.0, 36: 0.007194244604316544, 37: 0.007194244604316547, 38: 0.007194244604316547, 39: 0.0, 40: 0.007194244604316547, 41: 0.0, 42: 0.0, 43: 0.0, 44: 0.0, 45: 0.0, 46: 0.007194244604316547, 47: 0.0}",0.5997172626839102,under
Isaiah Hartenstein,MIN,MIN,rebounds,10.5,0.2770145500232626,14.455555555555556,0.592814371257485,0.4071856287425149,"{3: 0.005988023952095856, 4: 0.0119760479041916, 5: 0.0359281437125748, 6: 0.017964071856287456, 7: 0.0479041916167664, 8: 0.07784431137724557, 9: 0.09580838323353291, 10: 0.11377245508982037, 11: 0.10778443113772457, 12: 0.11377245508982037, 13: 0.10778443113772451, 14: 0.07185628742514971, 15: 0.07784431137724553, 16: 0.05389221556886227, 17: 0.029940119760479042, 18: 0.011976047904191617, 19: 0.011976047904191616, 20: 0.0, 21: 0.005988023952095809, 22: 0.0}",0.592814371257485,over
Mike Conley,OKC,MIN,points,8.5,0.6401837901639379,13.61111111111111,0.5822784810126581,0.4050632911392405,"{-4: 0.0, -3: 0.012658227848101333, -2: 0.0, -1: 0.025316455696202556, 0: 0.012658227848101222, 1: 0.012658227848101222, 2: 0.012658227848101333, 3: 0.03797468354430378, 4: 0.03797468354430378, 5: 0.06329113924050633, 6: 0.08860759493670889, 7: 0.03797468354430378, 8: 0.06329113924050633, 9: 0.10126582278481011, 10: 0.06329113924050633, 11: 0.08860759493670889, 12: 0.12658227848101264, 13: 0.025316455696202528, 14: 0.0759493670886076, 15: 0.0, 16: 0.05063291139240506, 17: 0.012658227848101264, 18: 0.0, 19: 0.012658227848101267, 20: 0.0, 21: 0.012658227848101266, 22: 0.0, 23: 0.0, 24: 0.0, 25: 0.012658227848101266, 26: 0.0}",0.5897435897435896,over
Christian Braun,IND,DEN,points,14.5,0.5172223304025347,15.56666666666667,0.4130434782608694,0.5797101449275363,"{-1: 0.0, 0: 0.0, 1: 0.0, 2: 0.021739130434782594, 3: 0.007246376811594235, 4: 0.01449275362318836, 5: 0.01449275362318836, 6: 0.021739130434782705, 7: 0.021739130434782594, 8: 0.05797101449275355, 9: 0.05797101449275366, 10: 0.04347826086956519, 11: 0.0652173913043479, 12: 0.07246376811594202, 13: 0.10869565217391303, 14: 0.07246376811594202, 15: 0.08695652173913043, 16: 0.03623188405797101, 17: 0.08695652173913043, 18: 0.043478260869565244, 19: 0.021739130434782594, 20: 0.043478260869565216, 21: 0.028985507246376815, 22: 0.021739130434782608, 23: 0.0072463768115942, 24: 0.007246376811594204, 25: 0.007246376811594204, 26: 0.007246376811594202, 27: 0.0, 28: 0.007246376811594203, 29: 0.007246376811594203, 30: 0.0}",0.5821735897163498,under
Myles Turner,DEN,DEN,points,15.5,0.6669182044037454,42.84444444444444,0.5797101449275361,0.4202898550724637,"{6: 0.01449275362318836, 7: 0.01449275362318847, 8: 0.007246376811594235, 9: 0.01449275362318836, 10: 0.050724637681159424, 11: 0.03623188405797095, 12: 0.0652173913043479, 13: 0.10144927536231885, 14: 0.03623188405797095, 15: 0.07971014492753625, 16: 0.07246376811594202, 17: 0.05797101449275366, 18: 0.08695652173913043, 19: 0.10869565217391303, 20: 0.07246376811594205, 21: 0.043478260869565216, 22: 0.028985507246376815, 23: 0.043478260869565216, 24: 0.02898550724637681, 25: 0.014492753623188408, 26: 0.014492753623188404, 27: 0.0, 28: 0.0, 29: 0.007246376811594203, 30: 0.0}",0.5797101449275363,over
Scoot Henderson,UTA,POR,points,12.5,0.7895986981038581,29.166666666666668,0.5700934579439252,0.4205607476635514,"{-6: 0.0, -5: 0.009345794392523366, -4: 0.0, -3: 0.0, -2: 0.009345794392523366, -1: 0.0, 0: 0.0, 1: 0.009345794392523366, 2: 0.01869158878504673, 3: 0.009345794392523366, 4: 0.028037383177570097, 5: 0.03738317757009346, 6: 0.01869158878504673, 7: 0.04672897196261683, 8: 0.07476635514018692, 9: 0.06542056074766356, 10: 0.03738317757009346, 11: 0.03738317757009346, 12: 0.01869158878504673, 13: 0.07476635514018687, 14: 0.06542056074766356, 15: 0.08411214953271029, 16: 0.05607476635514019, 17: 0.0467289719626168, 18: 0.03738317757009346, 19: 0.05607476635514019, 20: 0.01869158878504673, 21: 0.05607476635514018, 22: 0.009345794392523366, 23: 0.0, 24: 0.02803738317757009, 25: 0.009345794392523362, 26: 0.0, 27: 0.0, 28: 0.0, 29: 0.01869158878504673, 30: 0.0, 31: 0.009345794392523364, 32: 0.0}",0.5754716981132075,over
Tyrese Maxey,CHI,CHI,points,30.5,0.5499098474008577,113.6,0.426829268292683,0.5731707317073171,"{13: 0.024390243902439046, 14: 0.012195121951219523, 15: 0.0, 16: 0.012195121951219523, 17: 0.0, 18: 0.0, 19: 0.012195121951219523, 20: 0.060975609756097504, 21: 0.024390243902439046, 22: 0.024390243902439046, 23: 0.03658536585365846, 24: 0.03658536585365857, 25: 0.04878048780487809, 26: 0.04878048780487798, 27: 0.024390243902439046, 28: 0.07317073170731703, 29: 0.08536585365853666, 30: 0.04878048780487804, 31: 0.07317073170731708, 32: 0.09756097560975607, 33: 0.03658536585365854, 34: 0.06097560975609756, 35: 0.012195121951219523, 36: 0.02439024390243902, 37: 0.01219512195121951, 38: 0.03658536585365854, 39: 0.01219512195121951, 40: 0.036585365853658534, 41: 0.012195121951219513, 42: 0.0, 43: 0.0, 44: 0.0, 45: 0.012195121951219513, 46: 0.0}",0.5731707317073171,under
Jalen Wilson,WAS,BKN,points,8.5,0.4942991232546886,27.87777777777778,0.5600000000000002,0.4199999999999999,"{-6: 0.0, -5: 0.0, -4: 0.0, -3: 0.020000000000000018, -2: 0.0, -1: 0.0, 0: 0.039999999999999925, 1: 0.0, 2: 0.0, 3: 0.0, 4: 0.06000000000000005, 5: 0.12, 6: 0.040000000000000036, 7: 0.07999999999999996, 8: 0.05999999999999994, 9: 0.10000000000000003, 10: 0.020000000000000018, 11: 0.09999999999999998, 12: 0.12000000000000002, 13: 0.12, 14: 0.0, 15: 0.04000000000000001, 16: 0.0, 17: 0.019999999999999997, 18: 0.02, 19: 0.0, 20: 0.0, 21: 0.0, 22: 0.02, 23: 0.0}",0.5714285714285715,over
DeMar DeRozan,CHA,CHA,points,21.5,0.5653382297931454,36.84444444444444,0.4400000000000001,0.56,"{4: 0.020000000000000018, 5: 0.0, 6: 0.0, 7: 0.040000000000000036, 8: 0.0, 9: 0.0, 10: 0.039999999999999925, 11: 0.020000000000000018, 12: 0.0, 13: 0.020000000000000018, 14: 0.020000000000000018, 15: 0.020000000000000018, 16: 0.019999999999999907, 17: 0.020000000000000018, 18: 0.09999999999999998, 19: 0.14, 20: 0.040000000000000036, 21: 0.06, 22: 0.03999999999999998, 23: 0.06, 24: 0.06, 25: 0.060000000000000026, 26: 0.06, 27: 0.01999999999999999, 28: 0.020000000000000018, 29: 0.01999999999999999, 30: 0.0, 31: 0.04000000000000001, 32: 0.0, 33: 0.0, 34: 0.0, 35: 0.019999999999999997, 36: 0.0, 37: 0.02, 38: 0.02, 39: 0.0}",0.56,under
Jake LaRavia,CHA,CHA,rebounds,3.5,0.60622162642783,7.78888888888889,0.44,0.56,"{0: 0.0, 1: 0.1, 2: 0.1, 3: 0.36, 4: 0.2, 5: 0.1, 6: 0.06, 7: 0.08, 8: 0.0, 9: 0.0, 10: 0.0, 11: 0.0, 12: 0.0, 13: 0.0, 14: 0.0}",0.56,under
Obi Toppin,DEN,DEN,points,10.5,0.6087620287400467,35.34444444444444,0.4411764705882353,0.5588235294117647,"{0: 0.014705882352941124, 1: 0.0, 2: 0.05882352941176472, 3: 0.02941176470588236, 4: 0.044117647058823595, 5: 0.044117647058823484, 6: 0.014705882352941235, 7: 0.044117647058823484, 8: 0.05882352941176472, 9: 0.08823529411764708, 10: 0.16176470588235292, 11: 0.08823529411764702, 12: 0.10294117647058826, 13: 0.04411764705882354, 14: 0.08823529411764705, 15: 0.01470588235294118, 16: 0.044117647058823525, 17: 0.0, 18: 0.0, 19: 0.029411764705882353, 20: 0.029411764705882353, 21: 0.0}",0.5588235294117647,under
Bilal Coulibaly,BKN,BKN,points,13.5,0.7622159249076308,54.67777777777778,0.4328358208955223,0.5522388059701493,"{-5: 0.0, -4: 0.0, -3: 0.01492537313432829, -2: 0.0, -1: 0.07462686567164178, 0: 0.014925373134328401, 1: 0.014925373134328401, 2: 0.02985074626865669, 3: 0.01492537313432829, 4: 0.014925373134328401, 5: 0.02985074626865669, 6: 0.014925373134328401, 7: 0.04477611940298509, 8: 0.01492537313432829, 9: 0.014925373134328401, 10: 0.07462686567164178, 11: 0.04477611940298509, 12: 0.05970149253731338, 13: 0.07462686567164184, 14: 0.014925373134328346, 15: 0.04477611940298504, 16: 0.029850746268656747, 17: 0.0, 18: 0.05970149253731344, 19: 0.014925373134328346, 20: 0.08955223880597016, 21: 0.0, 22: 0.014925373134328346, 23: 0.04477611940298508, 24: 0.01492537313432836, 25: 0.01492537313432836, 26: 0.029850746268656712, 27: 0.04477611940298507, 28: 0.014925373134328358, 29: 0.0}",0.5568985176738883,under
Kris Dunn,DET,LAC,points,6.5,0.7915877969695108,12.455555555555556,0.4545454545454545,0.5454545454545454,"{0: 0.0, 1: 0.012121212121212121, 2: 0.048484848484848485, 3: 0.09090909090909091, 4: 0.10303030303030303, 5: 0.12121212121212122, 6: 0.1696969696969697, 7: 0.13333333333333333, 8: 0.12727272727272726, 9: 0.08484848484848485, 10: 0.05454545454545454, 11: 0.024242424242424242, 12: 0.012121212121212121, 13: 0.0, 14: 0.006060606060606061, 15: 0.006060606060606061, 16: 0.006060606060606061, 17: 0.0, 18: 0.0, 19: 0.0, 20: 0.0, 21: 0.0, 22: 0.0, 23: 0.0, 24: 0.0, 25: 0.0, 26: 0.0, 27: 0.0, 28: 0.0, 29: 0.0, 30: 0.0, 31: 0.0, 32: 0.0}",0.5454545454545454,under
Julian Strawther,IND,DEN,points,7.5,0.7366698679938838,19.12222222222222,0.5448275862068965,0.4551724137931034,"{0: 0.0, 1: 0.0, 2: 0.027586206896551724, 3: 0.020689655172413793, 4: 0.08275862068965517, 5: 0.07586206896551724, 6: 0.1310344827586207, 7: 0.11724137931034483, 8: 0.21379310344827587, 9: 0.1103448275862069, 10: 0.0896551724137931, 11: 0.034482758620689655, 12: 0.08275862068965517, 13: 0.006896551724137931, 14: 0.006896551724137931, 15: 0.0, 16: 0.0, 17: 0.0, 18: 0.0, 19: 0.0, 20: 0.0, 21: 0.0, 22: 0.0, 23: 0.0, 24: 0.0, 25: 0.0, 26: 0.0, 27: 0.0, 28: 0.0}",0.5448275862068965,over
Pascal Siakam,DEN,DEN,points,20.5,0.4179371874663978,34.44444444444444,0.5443037974683546,0.4556962025316455,"{10: 0.006329113924050667, 11: 0.006329113924050556, 12: 0.006329113924050667, 13: 0.025316455696202556, 14: 0.03164556962025311, 15: 0.012658227848101333, 16: 0.08227848101265822, 17: 0.03164556962025311, 18: 0.069620253164557, 19: 0.11392405063291133, 20: 0.069620253164557, 21: 0.10759493670886078, 22: 0.10126582278481011, 23: 0.07594936708860761, 24: 0.08227848101265822, 25: 0.056962025316455694, 26: 0.025316455696202528, 27: 0.006329113924050639, 28: 0.0379746835443038, 29: 0.02531645569620253, 30: 0.0189873417721519, 31: 0.0, 32: 0.006329113924050633, 33: 0.0}",0.5443037974683546,over
Isaiah Stewart,LAC,LAC,rebounds,5.5,0.7499999092652339,17.511111111111113,0.4654088050314465,0.5345911949685535,"{0: 0.0, 1: 0.031446540880503145, 2: 0.07547169811320754, 3: 0.10062893081761007, 4: 0.1949685534591195, 5: 0.1320754716981132, 6: 0.16981132075471697, 7: 0.1320754716981132, 8: 0.0880503144654088, 9: 0.050314465408805034, 10: 0.006289308176100629, 11: 0.006289308176100629, 12: 0.006289308176100629, 13: 0.006289308176100629, 14: 0.0, 15: 0.0, 16: 0.0, 17: 0.0, 18: 0.0, 19: 0.0, 20: 0.0, 21: 0.0, 22: 0.0, 23: 0.0, 24: 0.0, 25: 0.0, 26: 0.0}",0.5345911949685535,under
Guerschon Yabusele,CHI,CHI,points,11.5,0.7036905417643061,42.93333333333334,0.4558823529411764,0.5294117647058824,"{-9: 0.014705882352941235, -8: 0.0, -7: 0.0, -6: 0.0, -5: 0.0, -4: 0.0, -3: 0.014705882352941124, -2: 0.0, -1: 0.014705882352941235, 0: 0.0, 1: 0.0, 2: 0.014705882352941124, 3: 0.014705882352941235, 4: 0.044117647058823484, 5: 0.02941176470588236, 6: 0.08823529411764708, 7: 0.1029411764705882, 8: 0.044117647058823595, 9: 0.07352941176470584, 10: 0.04411764705882354, 11: 0.02941176470588236, 12: 0.05882352941176472, 13: 0.07352941176470584, 14: 0.02941176470588236, 15: 0.02941176470588236, 16: 0.05882352941176472, 17: 0.07352941176470587, 18: 0.01470588235294118, 19: 0.029411764705882346, 20: 0.01470588235294118, 21: 0.029411764705882353, 22: 0.0, 23: 0.0, 24: 0.029411764705882356, 25: 0.014705882352941176, 26: 0.0}",0.5336283185840709,under
Michael Porter Jr.,IND,DEN,points,17.5,0.2948098323235761,26.0,0.5294117647058822,0.4705882352941176,"{6: 0.02941176470588236, 7: 0.014705882352941124, 8: 0.014705882352941235, 9: 0.014705882352941124, 10: 0.0, 11: 0.02941176470588236, 12: 0.044117647058823595, 13: 0.014705882352941124, 14: 0.05882352941176472, 15: 0.044117647058823484, 16: 0.11764705882352944, 17: 0.08823529411764708, 18: 0.02941176470588236, 19: 0.04411764705882354, 20: 0.0735294117647059, 21: 0.07352941176470584, 22: 0.04411764705882354, 23: 0.04411764705882354, 24: 0.02941176470588236, 25: 0.05882352941176469, 26: 0.01470588235294118, 27: 0.01470588235294118, 28: 0.044117647058823525, 29: 0.029411764705882353, 30: 0.0, 31: 0.014705882352941176, 32: 0.014705882352941176, 33: 0.0}",0.5294117647058824,over
Clint Capela,MIA,MIA,points,6.5,0.7738304889127623,28.044444444444444,0.4710144927536231,0.5289855072463767,"{0: 0.007246376811594203, 1: 0.014492753623188406, 2: 0.043478260869565216, 3: 0.06521739130434782, 4: 0.08695652173913043, 5: 0.15217391304347827, 6: 0.15942028985507245, 7: 0.14492753623188406, 8: 0.08695652173913043, 9: 0.09420289855072464, 10: 0.06521739130434782, 11: 0.036231884057971016, 12: 0.021739130434782608, 13: 0.021739130434782608, 14: 0.0, 15: 0.0, 16: 0.0, 17: 0.0, 18: 0.0, 19: 0.0, 20: 0.0, 21: 0.0, 22: 0.0, 23: 0.0, 24: 0.0, 25: 0.0, 26: 0.0}",0.5289855072463767,under
Shai Gilgeous-Alexander,MIN,MIN,points,32.5,0.6127817371664197,24.1,0.52,0.48,"{15: 0.020000000000000018, 16: 0.020000000000000018, 17: 0.039999999999999925, 18: 0.06000000000000005, 19: 0.0, 20: 0.0, 21: 0.0, 22: 0.05999999999999994, 23: 0.020000000000000018, 24: 0.040000000000000036, 25: 0.0, 26: 0.0, 27: 0.020000000000000018, 28: 0.020000000000000018, 29: 0.07999999999999996, 30: 0.07999999999999996, 31: 0.020000000000000018, 32: 0.0, 33: 0.08000000000000002, 34: 0.020000000000000018, 35: 0.03999999999999998, 36: 0.03999999999999998, 37: 0.040000000000000036, 38: 0.07999999999999999, 39: 0.01999999999999999, 40: 0.06, 41: 0.04000000000000001, 42: 0.060000000000000005, 43: 0.02, 44: 0.0, 45: 0.02, 46: 0.0}",0.52,over
Corey Kispert,BKN,BKN,points,11.5,0.7464710202619107,44.84444444444445,0.4761904761904761,0.5185185185185185,"{-16: 0.0, -15: 0.0, -14: 0.0, -13: 0.0, -12: 0.0, -11: 0.0, -10: 0.0, -9: 0.0, -8: 0.0, -7: 0.005291005291005235, -6: 0.0, -5: 0.0, -4: 0.015873015873015928, -3: 0.010582010582010581, -2: 0.026455026455026398, -1: 0.021164021164021163, 0: 0.005291005291005346, 1: 0.010582010582010581, 2: 0.005291005291005235, 3: 0.031746031746031744, 4: 0.04761904761904767, 5: 0.042328042328042326, 6: 0.06349206349206349, 7: 0.021164021164021163, 8: 0.03703703703703698, 9: 0.05291005291005291, 10: 0.07407407407407407, 11: 0.04761904761904767, 12: 0.06878306878306878, 13: 0.010582010582010581, 14: 0.0582010582010582, 15: 0.047619047619047616, 16: 0.047619047619047616, 17: 0.047619047619047616, 18: 0.037037037037037035, 19: 0.021164021164021163, 20: 0.037037037037037035, 21: 0.010582010582010581, 22: 0.015873015873015872, 23: 0.010582010582010581, 24: 0.010582010582010581, 25: 0.015873015873015872, 26: 0.015873015873015872, 27: 0.0, 28: 0.005291005291005291, 29: 0.015873015873015872, 30: 0.0}",0.519952587909917,under
Duncan Robinson,ATL,MIA,points,8.5,0.7327065828308121,22.98888888888889,0.5063291139240507,0.4810126582278481,"{-2: 0.0, -1: 0.0, 0: 0.0, 1: 0.03797468354430389, 2: 0.050632911392405, 3: 0.06329113924050633, 4: 0.025316455696202556, 5: 0.03797468354430378, 6: 0.025316455696202556, 7: 0.11392405063291133, 8: 0.12658227848101267, 9: 0.06329113924050639, 10: 0.08860759493670883, 11: 0.07594936708860761, 12: 0.07594936708860758, 13: 0.050632911392405056, 14: 0.012658227848101278, 15: 0.01265822784810125, 16: 0.012658227848101278, 17: 0.03797468354430379, 18: 0.025316455696202535, 19: 0.012658227848101264, 20: 0.0, 21: 0.025316455696202535, 22: 0.0, 23: 0.012658227848101266, 24: 0.0}",0.5128205128205129,over
Bub Carrington,BKN,BKN,points,8.5,0.705810597337186,23.43333333333333,0.5063291139240507,0.4810126582278481,"{-6: 0.0, -5: 0.0, -4: 0.012658227848101333, -3: 0.025316455696202556, -2: 0.025316455696202445, -1: 0.0, 0: 0.0, 1: 0.03797468354430389, 2: 0.012658227848101222, 3: 0.03797468354430378, 4: 0.07594936708860756, 5: 0.03797468354430389, 6: 0.06329113924050633, 7: 0.07594936708860756, 8: 0.07594936708860756, 9: 0.07594936708860761, 10: 0.08860759493670889, 11: 0.050632911392405056, 12: 0.012658227848101278, 13: 0.050632911392405056, 14: 0.050632911392405056, 15: 0.050632911392405056, 16: 0.05063291139240507, 17: 0.012658227848101264, 18: 0.025316455696202535, 19: 0.012658227848101267, 20: 0.0, 21: 0.02531645569620253, 22: 0.0}",0.5128205128205129,over
Naji Marshall,LAL,DAL,points,10.5,0.614433195726812,43.12222222222223,0.5071428571428571,0.4857142857142857,"{-9: 0.0, -8: 0.021428571428571463, -7: 0.0, -6: 0.0071428571428571175, -5: 0.021428571428571463, -4: 0.02857142857142858, -3: 0.021428571428571352, -2: 0.014285714285714346, -1: 0.021428571428571463, 0: 0.014285714285714235, 1: 0.021428571428571463, 2: 0.0357142857142857, 3: 0.042857142857142816, 4: 0.050000000000000044, 5: 0.02857142857142858, 6: 0.042857142857142816, 7: 0.042857142857142816, 8: 0.021428571428571463, 9: 0.0357142857142857, 10: 0.014285714285714346, 11: 0.0357142857142857, 12: 0.06428571428571428, 13: 0.04285714285714287, 14: 0.02857142857142858, 15: 0.0357142857142857, 16: 0.0357142857142857, 17: 0.02857142857142858, 18: 0.0357142857142857, 19: 0.01428571428571429, 20: 0.04285714285714287, 21: 0.028571428571428567, 22: 0.014285714285714277, 23: 0.007142857142857145, 24: 0.0, 25: 0.01428571428571429, 26: 0.007142857142857145, 27: 0.007142857142857145, 28: 0.014285714285714277, 29: 0.01428571428571429, 30: 0.014285714285714284, 31: 0.0, 32: 0.0, 33: 0.0, 34: 0.0, 35: 0.0071428571428571435, 36: 0.0, 37: 0.007142857142857143, 38: 0.0, 39: 0.0, 40: 0.0, 41: 0.007142857142857143, 42: 0.0}",0.5107913669064748,over
Kevin Huerter,PHI,CHI,points,9.5,0.6365733757184819,48.26666666666667,0.4776119402985074,0.4925373134328358,"{-6: 0.0, -5: 0.0, -4: 0.014925373134328401, -3: 0.02985074626865669, -2: 0.014925373134328401, -1: 0.0, 0: 0.01492537313432829, 1: 0.014925373134328401, 2: 0.07462686567164178, 3: 0.08955223880597019, 4: 0.01492537313432829, 5: 0.059701492537313494, 6: 0.05970149253731338, 7: 0.02985074626865669, 8: 0.04477611940298509, 9: 0.029850746268656747, 10: 0.10447761194029848, 11: 0.08955223880597019, 12: 0.05970149253731341, 13: 0.08955223880597016, 14: 0.01492537313432836, 15: 0.0, 16: 0.02985074626865672, 17: 0.01492537313432836, 18: 0.029850746268656712, 19: 0.014925373134328356, 20: 0.014925373134328358, 21: 0.014925373134328358, 22: 0.0}",0.5001165772907438,under
Shaedon Sharpe,UTA,POR,points,14.5,0.4109376308780228,87.8777777777778,0.4999999999999999,0.5,"{2: 0.01851851851851849, 3: 0.0, 4: 0.0185185185185186, 5: 0.03703703703703698, 6: 0.05555555555555558, 7: 0.01851851851851849, 8: 0.09259259259259256, 9: 0.05555555555555558, 10: 0.01851851851851849, 11: 0.05555555555555558, 12: 0.03703703703703709, 13: 0.07407407407407407, 14: 0.01851851851851849, 15: 0.09259259259259262, 16: 0.09259259259259256, 17: 0.018518518518518545, 18: 0.09259259259259259, 19: 0.1111111111111111, 20: 0.05555555555555555, 21: 0.018518518518518517, 22: 0.0, 23: 0.0, 24: 0.0, 25: 0.018518518518518517, 26: 0.0}",0.5,under
