Player,Stat Type,EV_over,EV_under
Victor Wembanyama,Points,-0.9999733491076768,1.999973352915731
Victor Wembanyama,Pts + Rebs + Asts,-0.9999962645247251,1.9999962547160521
Victor Wembanyama,1Q Points,-0.9999989733827874,1.9999989502495907
Victor Wembanyama,Assists,-0.9999659924596926,1.9999660089060853
Jaylen Brown,Points,-0.999999701145569,1.9999996717588502
Jaylen Brown,Pts + Rebs + Asts,-0.9999790484062032,1.9999790635879435
Jaylen Brown,Assists,-0.9999925237493699,1.999992506782064
Jaylen Brown,1Q Pts + Rebs + Asts,-0.9999746079574834,1.9999746081894045
De'Aaron Fox,Points,-0.9997971704578958,1.999797197728185
De'Aaron Fox,Pts + Rebs + Asts,-0.9999819950780875,1.9999819674353603
De'Aaron Fox,Assists,-0.9999947934581996,1.999994803927052
De'Aaron Fox,1Q Points,-0.9999956755505082,1.9999956920080422
Kristaps Porzingis,Points,-0.9999458677448274,1.9999458435613633
Kristaps Porzingis,Pts + Rebs + Asts,-0.9997884623735445,1.9997884627446183
Kristaps Porzingis,Rebounds,-0.9998621556296712,1.9998621450431529
Kristaps Porzingis,Assists,-0.999996942802909,1.9999969514830127
Derrick White,Points,-0.9999835204189367,1.9999835347684893
Derrick White,Pts + Rebs + Asts,-0.9999812779806234,1.9999812512587596
Derrick White,1Q Points,-0.9999874985724091,1.9999874907985031
Derrick White,Assists,-0.9999804806593602,1.9999804949702593
Stephon Castle,Points,-0.9999969784071254,1.999996969285121
Stephon Castle,Pts + Rebs + Asts,-0.9999983764330409,1.999998383553816
Stephon Castle,Rebounds,-0.999926887692709,1.9999268763967848
Stephon Castle,Assists,-0.9999998222307909,1.9999998217084283
Jayson Tatum,Points,-0.9998832178753219,1.9998832261881034
Jayson Tatum,Pts + Rebs + Asts,-0.9998292030068114,1.999829217849765
Jayson Tatum,Assists,-0.999822944009793,1.999822959107405
Jayson Tatum,1Q Points,-0.9999711682576162,1.9999711896070949
Chris Paul,Points,-0.9999656385516573,1.9999656531381333
Chris Paul,Pts + Rebs + Asts,-0.9999779563268021,1.99997798110644
Chris Paul,Rebounds,-0.9999113202720764,1.9999113142803253
Chris Paul,1Q Points,-0.9998650240813731,1.9998650097804784
Devin Vassell,Points,-0.9999763486030133,1.9999763725818411
Devin Vassell,Pts + Rebs + Asts,-0.9999220912322926,1.9999220641784632
Devin Vassell,Rebounds,-0.9999291811764124,1.9999291854292096
Devin Vassell,Assists,-0.9999866095240577,1.9999865992394916
Harrison Barnes,Points,-0.999908479883743,1.999908463574684
Harrison Barnes,Pts + Rebs + Asts,-0.9999936173021524,1.9999935900002583
Harrison Barnes,Assists,-0.9999088559161464,1.99990883040482
Harrison Barnes,1Q Points,-0.9998625046646339,1.9998624983745685
Jeremy Sochan,Points,-0.9999862304257476,1.9999862308764023
Jeremy Sochan,Pts + Rebs + Asts,-0.9999589070503134,1.9999588899227092
Jeremy Sochan,Assists,-0.999956061341436,1.9999560365567959
Jeremy Sochan,Rebounds,-0.9998182893832563,1.9998183072129905
Al Horford,Points,-0.9999962467338719,1.9999962458206255
Al Horford,Pts + Rebs + Asts,-0.9999356303815148,1.9999356286825787
Al Horford,1Q Points,-0.9996758473425871,1.9996758288398269
Al Horford,Rebounds,-0.999941652698908,1.9999416796781588
Paolo Banchero,Points,-0.9999536533650826,1.999953670278046
Paolo Banchero,Pts + Rebs + Asts,-0.9999956766710056,1.999995692568291
Paolo Banchero,1Q Points,-0.9999955059638523,1.999995517807747
Paolo Banchero,1Q Pts + Rebs + Asts,-0.9999942723929962,1.9999942751735489
Miles Bridges,Points,-0.9999080624984344,1.9999080760680954
Miles Bridges,Pts + Rebs + Asts,-0.9999846508426344,1.9999846364221412
Miles Bridges,Assists,-0.9999980853307306,1.9999980591887265
Miles Bridges,Rebounds,-0.9999665247651137,1.9999665432796974
Josh Green,Points,-0.9999601467297907,1.999960135611218
Josh Green,Pts + Rebs + Asts,-0.9998852320495644,1.9998852167518635
Josh Green,Assists,-0.999999261574942,1.9999992731596024
Josh Green,1Q Points,-0.9999522066973441,1.9999522316884395
Cole Anthony,Points,-0.9999742731924925,1.9999742619929748
Cole Anthony,Pts + Rebs + Asts,-0.999944963856251,1.9999449445822393
Cole Anthony,Rebounds,-0.9998740600203746,1.9998740875053045
Cole Anthony,1Q Points,-0.9999465723485628,1.9999465534910996
Goga Bitadze,Points,-0.999955960742227,1.9999559862571914
Goga Bitadze,Pts + Rebs + Asts,-0.9999676134666515,1.9999676240722692
Goga Bitadze,Assists,-0.9999665064005967,1.9999665340974389
Goga Bitadze,Rebounds,-0.9999608799516864,1.9999608598500345
Nick Smith Jr.,Points,-0.9998226609022822,1.9998226387397153
Nick Smith Jr.,Pts + Rebs + Asts,-0.9999837401401237,1.99998373403605
Nick Smith Jr.,Assists,-0.999841578413907,1.999841574634047
Nick Smith Jr.,1Q Points,-0.9999821163346496,1.9999821174706085
Franz Wagner,Points,-0.9999866461384954,1.9999866175467105
Franz Wagner,Pts + Rebs + Asts,-0.9999951478321236,1.9999951599279484
Franz Wagner,1Q Pts + Rebs + Asts,-0.9999003755656304,1.9999003881021054
Franz Wagner,Assists,-0.9999370253026427,1.99993704139888
Wendell Carter Jr.,Points,-0.9999967625649333,1.9999967719570577
Wendell Carter Jr.,Pts + Rebs + Asts,-0.9999355925501732,1.9999356097669079
Wendell Carter Jr.,Rebounds,-0.999950679273752,1.999950663313939
Wendell Carter Jr.,Assists,-0.9999605320899718,1.9999605071052429
Kentavious Caldwell-Pope,Points,-0.9998208286706358,1.9998208285542205
Kentavious Caldwell-Pope,Pts + Rebs + Asts,-0.9999892995806476,1.999989285372294
Kentavious Caldwell-Pope,1Q Points,-0.9999997654594068,1.9999997933227363
Kentavious Caldwell-Pope,Rebounds,-0.9998923669554642,1.9998923604835
Anthony Black,Points,-0.9999093899532454,1.999909365644271
Anthony Black,Pts + Rebs + Asts,-0.9999991383522797,1.999999122141304
Anthony Black,Assists,-0.9999982265859444,1.9999982192233006
Anthony Black,Rebounds,-0.9999959109386509,1.9999958991090807
Moussa Diabate,Points,-0.9997972611017758,1.999797243050125
Moussa Diabate,Pts + Rebs + Asts,-0.9999635357471561,1.9999635288522768
Moussa Diabate,Assists,-0.9999914358868409,1.9999914264089966
Moussa Diabate,Rebounds,-0.9999978189471221,1.9999978365899551
Tyrese Haliburton,Points,-0.9999988010960692,1.9999987746992645
Tyrese Haliburton,Pts + Rebs + Asts,-0.9999998253445881,1.9999998232653269
Tyrese Haliburton,1Q Points,-0.999963737989674,1.9999637193805029
Tyrese Haliburton,Assists,-0.9999951245388274,1.9999951482813003
Alex Sarr,Points,-0.999952051181026,1.9999520645233133
Alex Sarr,Pts + Rebs + Asts,-0.999868405117013,1.9998683990306745
Alex Sarr,Rebounds,-0.9999622927080054,1.9999622814839313
Alex Sarr,Assists,-0.9999932176501716,1.9999932113603336
Andrew Nembhard,Points,-0.9998156943911454,1.9998156686124275
Andrew Nembhard,Pts + Rebs + Asts,-0.9999717897171649,1.9999717685577707
Andrew Nembhard,1Q Points,-0.9998455154709518,1.999845510115847
Andrew Nembhard,Rebounds,-0.9999013498163549,1.9999013222623034
Aaron Nesmith,Points,-0.9999593742631987,1.9999593917500533
Aaron Nesmith,Pts + Rebs + Asts,-0.9999636492066202,1.999963674988976
Aaron Nesmith,1Q Points,-0.9999985326459182,1.9999985510672218
Aaron Nesmith,Rebounds,-0.9999781825335958,1.999978183616804
Bilal Coulibaly,Points,-0.9999379431319539,1.9999379473483714
Bilal Coulibaly,Pts + Rebs + Asts,-0.999999878589307,1.9999998498876863
Bilal Coulibaly,Assists,-0.9997649828146677,1.9997650106524816
Bilal Coulibaly,Rebounds,-0.9999969919654177,1.999996976064267
Obi Toppin,Points,-0.9999785070531289,1.9999785246905049
Obi Toppin,Pts + Rebs + Asts,-0.9999906696793914,1.9999906856774032
Obi Toppin,Rebounds,-0.9998149394232314,1.999814933500602
Obi Toppin,Assists,-0.9999580133826385,1.999957996054036
Pascal Siakam,Points,-0.9999733491076768,1.999973352915731
Pascal Siakam,Pts + Rebs + Asts,-0.9999962645247251,1.9999962547160521
Pascal Siakam,1Q Pts + Rebs + Asts,-0.9999989733827874,1.9999989502495907
Pascal Siakam,Rebounds,-0.9999659924596926,1.9999660089060853
Jordan Poole,Points,-0.999999701145569,1.9999996717588502
Jordan Poole,Pts + Rebs + Asts,-0.9999790484062032,1.9999790635879435
Jordan Poole,1Q Pts + Rebs + Asts,-0.9999925237493699,1.999992506782064
Jordan Poole,1Q Points,-0.9999746079574834,1.9999746081894045
Corey Kispert,Points,-0.9997971704578958,1.999797197728185
Corey Kispert,Pts + Rebs + Asts,-0.9999819950780875,1.9999819674353603
Corey Kispert,Assists,-0.9999947934581996,1.999994803927052
Corey Kispert,Rebounds,-0.9999956755505082,1.9999956920080422
Bub Carrington,Points,-0.9999458677448274,1.9999458435613633
Bub Carrington,Pts + Rebs + Asts,-0.9997884623735445,1.9997884627446183
Bub Carrington,Assists,-0.9998621556296712,1.9998621450431529
Bub Carrington,Rebounds,-0.999996942802909,1.9999969514830127
Thomas Bryant,Points,-0.9999835204189367,1.9999835347684893
Thomas Bryant,Pts + Rebs + Asts,-0.9999812779806234,1.9999812512587596
Thomas Bryant,Assists,-0.9999874985724091,1.9999874907985031
Thomas Bryant,1Q Pts + Rebs + Asts,-0.9999804806593602,1.9999804949702593
Kyshawn George,Points,-0.9999969784071254,1.999996969285121
Kyshawn George,Pts + Rebs + Asts,-0.9999983764330409,1.999998383553816
Kyshawn George,Rebounds,-0.999926887692709,1.9999268763967848
Kyshawn George,1Q Points,-0.9999998222307909,1.9999998217084283
Trae Young,Points,-0.9998832178753219,1.9998832261881034
Trae Young,Pts + Rebs + Asts,-0.9998292030068114,1.999829217849765
Trae Young,Assists,-0.999822944009793,1.999822959107405
Trae Young,Rebounds,-0.9999711682576162,1.9999711896070949
Karl-Anthony Towns,Points,-0.9999656385516573,1.9999656531381333
Karl-Anthony Towns,Pts + Rebs + Asts,-0.9999779563268021,1.99997798110644
Karl-Anthony Towns,Rebounds,-0.9999113202720764,1.9999113142803253
Karl-Anthony Towns,1Q Points,-0.9998650240813731,1.9998650097804784
Mikal Bridges,Points,-0.9999763486030133,1.9999763725818411
Mikal Bridges,Pts + Rebs + Asts,-0.9999220912322926,1.9999220641784632
Mikal Bridges,1Q Points,-0.9999291811764124,1.9999291854292096
Mikal Bridges,Assists,-0.9999866095240577,1.9999865992394916
Josh Hart,Points,-0.999908479883743,1.999908463574684
Josh Hart,Pts + Rebs + Asts,-0.9999936173021524,1.9999935900002583
Josh Hart,Assists,-0.9999088559161464,1.99990883040482
Josh Hart,1Q Pts + Rebs + Asts,-0.9998625046646339,1.9998624983745685
Dyson Daniels,Points,-0.9999862304257476,1.9999862308764023
Dyson Daniels,Pts + Rebs + Asts,-0.9999589070503134,1.9999588899227092
Dyson Daniels,Assists,-0.999956061341436,1.9999560365567959
Dyson Daniels,1Q Points,-0.9998182893832563,1.9998183072129905
Jalen Brunson,Points,-0.9999962467338719,1.9999962458206255
Jalen Brunson,Pts + Rebs + Asts,-0.9999356303815148,1.9999356286825787
Jalen Brunson,Assists,-0.9996758473425871,1.9996758288398269
Jalen Brunson,1Q Points,-0.999941652698908,1.9999416796781588
OG Anunoby,Points,-0.9999536533650826,1.999953670278046
OG Anunoby,Pts + Rebs + Asts,-0.9999956766710056,1.999995692568291
OG Anunoby,Assists,-0.9999955059638523,1.999995517807747
OG Anunoby,Rebounds,-0.9999942723929962,1.9999942751735489
Zaccharie Risacher,Points,-0.9999080624984344,1.9999080760680954
Zaccharie Risacher,Pts + Rebs + Asts,-0.9999846508426344,1.9999846364221412
Zaccharie Risacher,Assists,-0.9999980853307306,1.9999980591887265
Zaccharie Risacher,1Q Points,-0.9999665247651137,1.9999665432796974
Onyeka Okongwu,Points,-0.9999601467297907,1.999960135611218
Onyeka Okongwu,Pts + Rebs + Asts,-0.9998852320495644,1.9998852167518635
Onyeka Okongwu,Rebounds,-0.999999261574942,1.9999992731596024
Onyeka Okongwu,1Q Points,-0.9999522066973441,1.9999522316884395
Precious Achiuwa,Points,-0.9999742731924925,1.9999742619929748
Precious Achiuwa,Pts + Rebs + Asts,-0.999944963856251,1.9999449445822393
Precious Achiuwa,Assists,-0.9998740600203746,1.9998740875053045
Precious Achiuwa,Rebounds,-0.9999465723485628,1.9999465534910996
Donovan Mitchell,Points,-0.999955960742227,1.9999559862571914
Donovan Mitchell,Pts + Rebs + Asts,-0.9999676134666515,1.9999676240722692
Donovan Mitchell,1Q Pts + Rebs + Asts,-0.9999665064005967,1.9999665340974389
Donovan Mitchell,Rebounds,-0.9999608799516864,1.9999608598500345
Darius Garland,Points,-0.9998226609022822,1.9998226387397153
Darius Garland,Pts + Rebs + Asts,-0.9999837401401237,1.99998373403605
Darius Garland,1Q Points,-0.999841578413907,1.999841574634047
Darius Garland,1Q Pts + Rebs + Asts,-0.9999821163346496,1.9999821174706085
Immanuel Quickley,Points,-0.9999866461384954,1.9999866175467105
Immanuel Quickley,Pts + Rebs + Asts,-0.9999951478321236,1.9999951599279484
Immanuel Quickley,1Q Points,-0.9999003755656304,1.9999003881021054
Immanuel Quickley,Assists,-0.9999370253026427,1.99993704139888
Gradey Dick,Points,-0.9999967625649333,1.9999967719570577
Gradey Dick,Pts + Rebs + Asts,-0.9999355925501732,1.9999356097669079
Gradey Dick,1Q Points,-0.999950679273752,1.999950663313939
Gradey Dick,Assists,-0.9999605320899718,1.9999605071052429
Max Strus,Points,-0.9998208286706358,1.9998208285542205
Max Strus,Pts + Rebs + Asts,-0.9999892995806476,1.999989285372294
Max Strus,Rebounds,-0.9999997654594068,1.9999997933227363
Max Strus,1Q Points,-0.9998923669554642,1.9998923604835
Scottie Barnes,Points,-0.9999093899532454,1.999909365644271
Scottie Barnes,Pts + Rebs + Asts,-0.9999991383522797,1.999999122141304
Scottie Barnes,Assists,-0.9999982265859444,1.9999982192233006
Scottie Barnes,1Q Points,-0.9999959109386509,1.9999958991090807
RJ Barrett,Points,-0.9997972611017758,1.999797243050125
RJ Barrett,Pts + Rebs + Asts,-0.9999635357471561,1.9999635288522768
RJ Barrett,Assists,-0.9999914358868409,1.9999914264089966
RJ Barrett,Rebounds,-0.9999978189471221,1.9999978365899551
Evan Mobley,Points,-0.9999988010960692,1.9999987746992645
Evan Mobley,Pts + Rebs + Asts,-0.9999998253445881,1.9999998232653269
Evan Mobley,1Q Pts + Rebs + Asts,-0.999963737989674,1.9999637193805029
Evan Mobley,1Q Points,-0.9999951245388274,1.9999951482813003
Jarrett Allen,Points,-0.999952051181026,1.9999520645233133
Jarrett Allen,Pts + Rebs + Asts,-0.999868405117013,1.9998683990306745
Jarrett Allen,Rebounds,-0.9999622927080054,1.9999622814839313
Jarrett Allen,1Q Pts + Rebs + Asts,-0.9999932176501716,1.9999932113603336
Jonathan Mogbo,Points,-0.9998156943911454,1.9998156686124275
Jonathan Mogbo,Pts + Rebs + Asts,-0.9999717897171649,1.9999717685577707
Jonathan Mogbo,Rebounds,-0.9998455154709518,1.999845510115847
Jonathan Mogbo,1Q Points,-0.9999013498163549,1.9999013222623034
Paul George,Points,-0.9999593742631987,1.9999593917500533
Paul George,Pts + Rebs + Asts,-0.9999636492066202,1.999963674988976
Paul George,1Q Pts + Rebs + Asts,-0.9999985326459182,1.9999985510672218
Paul George,Assists,-0.9999781825335958,1.999978183616804
Tyrese Maxey,Points,-0.9999379431319539,1.9999379473483714
Tyrese Maxey,Pts + Rebs + Asts,-0.999999878589307,1.9999998498876863
Tyrese Maxey,Assists,-0.9997649828146677,1.9997650106524816
Tyrese Maxey,1Q Points,-0.9999969919654177,1.999996976064267
Cam Johnson,Points,-0.9999785070531289,1.9999785246905049
Cam Johnson,Pts + Rebs + Asts,-0.9999906696793914,1.9999906856774032
Cam Johnson,Assists,-0.9998149394232314,1.999814933500602
Cam Johnson,Rebounds,-0.9999580133826385,1.999957996054036
Guerschon Yabusele,Points,-0.9999729937116717,1.9399738857812554
Guerschon Yabusele,Pts + Rebs + Asts,-0.9999962148491705,1.9399963298179046
Guerschon Yabusele,Rebounds,-0.9999989600030006,1.9399989717072628
Guerschon Yabusele,Assists,-0.9999655388065366,1.9399666883990356
Kelly Oubre,Points,-0.9999996975526662,1.9399996789114076
Kelly Oubre,Pts + Rebs + Asts,-0.999978768849196,1.9399794820125498
Kelly Oubre,Rebounds,-0.9999924242922589,1.9399926569857688
Kelly Oubre,1Q Points,-0.9999742693938242,1.939975116020978
Keon Johnson,Points,-0.9997944657003973,1.9398012532282154
Keon Johnson,Pts + Rebs + Asts,-0.9999817553810317,1.9399823286395075
Keon Johnson,Assists,-0.9999947238980575,1.9399949076391338
Keon Johnson,Rebounds,-0.9999956176717478,1.9399957778387307
Nic Claxton,Points,-0.9999451463038713,1.9399469271738052
Nic Claxton,Pts + Rebs + Asts,-0.9997856418669108,1.9397926934823044
Nic Claxton,Rebounds,-0.999860317845887,1.9398649023540202
Nic Claxton,Assists,-0.9999969019245464,1.9399970122797503
D'Angelo Russell,Points,-0.9999833004998618,1.9399838637861284
D'Angelo Russell,Pts + Rebs + Asts,-0.99998102870999,1.9399816267680217
D'Angelo Russell,Rebounds,-0.9999873319903599,1.939987741138011
D'Angelo Russell,Assists,-0.999980220210673,1.939980884784636
Quentin Grimes,Points,-0.9999969382408471,1.9399970300818585
Quentin Grimes,Pts + Rebs + Asts,-0.9999983546905378,1.939998415740324
Quentin Grimes,Assists,-0.9999259130125574,1.9399283390947675
Quentin Grimes,Rebounds,-0.9999998198674995,1.9399998252847068
Justin Edwards,Points,-0.999881660669489,1.9398855614980857
Justin Edwards,Pts + Rebs + Asts,-0.9998269255156629,1.9398326331959106
Justin Edwards,Assists,-0.9998205830619554,1.9398264996233046
Justin Edwards,Rebounds,-0.9999707835497247,1.9399717653879633
Ziaire Williams,Points,-0.9999651802045264,1.939966339783641
Ziaire Williams,Pts + Rebs + Asts,-0.9999776620807643,1.9399784209887183
Ziaire Williams,Assists,-0.9999101379555941,1.9399130881145539
Ziaire Williams,1Q Points,-0.9998632245931367,1.9398677098708867
Damian Lillard,Points,-0.9999760329313357,1.9399768446506278
Damian Lillard,Pts + Rebs + Asts,-0.9999210528094409,1.9399236234359705
Damian Lillard,1Q Points,-0.9999282368687272,1.9399306016355695
Damian Lillard,Rebounds,-0.999986431121506,1.939986867460393
Kyle Kuzma,Points,-0.9999072598329803,1.9399102946293714
Kyle Kuzma,Pts + Rebs + Asts,-0.9999935325635397,1.939993718746291
Kyle Kuzma,1Q Points,-0.999907641001846,1.9399106543069502
Kyle Kuzma,1Q Pts + Rebs + Asts,-0.9998606714773632,1.9398652485328785
Brook Lopez,Points,-0.9999860468254156,1.9399865062498611
Brook Lopez,Pts + Rebs + Asts,-0.9999583593726856,1.939959712466807
Brook Lopez,Assists,-0.9999554758231171,1.9399569163213528
Brook Lopez,1Q Points,-0.9998158663373033,1.939821940712136
Bobby Portis,Points,-0.9999961967025002,1.939996320922478
Bobby Portis,Pts + Rebs + Asts,-0.9999347721425874,1.9399369161429059
Bobby Portis,Assists,-0.9996715255538584,1.9396823126330855
Bobby Portis,1Q Pts + Rebs + Asts,-0.9999408743751701,1.9399428455450105
Taurean Prince,Points,-0.9999530351844441,1.9399545965342258
Taurean Prince,Pts + Rebs + Asts,-0.9999956188146553,1.9399957783989794
Taurean Prince,1Q Points,-0.9999954458854518,1.9399956072147142
Taurean Prince,Assists,-0.9999941959878288,1.939994389614467
Andre Jackson Jr.,Points,-0.9999068364841515,1.9399099142753402
Andre Jackson Jr.,Pts + Rebs + Asts,-0.9999844463794761,1.9399849439821082
Andre Jackson Jr.,Rebounds,-0.9999980601503671,1.939998098527792
Andre Jackson Jr.,1Q Points,-0.9999660781817874,1.9399672120438116
Anthony Edwards,Points,-0.9999596155011022,1.939960933121365
Anthony Edwards,Pts + Rebs + Asts,-0.9998837020141945,1.9398875127227801
Anthony Edwards,1Q Pts + Rebs + Asts,-0.9999992515748124,1.939999287464717
Anthony Edwards,Rebounds,-0.9999515691200941,1.9399531865548487
Rudy Gobert,Points,-0.9999739303177193,1.9399747769771056
Rudy Gobert,Pts + Rebs + Asts,-0.9999442302979878,1.9399460460760747
Rudy Gobert,Assists,-0.9998723804541805,1.9398766052054996
Rudy Gobert,1Q Pts + Rebs + Asts,-0.9999458602313098,1.939947622798427
Jaden McDaniels,Points,-0.9999553732119238,1.9399568660217483
Jaden McDaniels,Pts + Rebs + Asts,-0.9999671815047987,1.9399682713787114
Jaden McDaniels,Assists,-0.9999660594499801,1.939967202861553
Jaden McDaniels,1Q Points,-0.9999603586190642,1.9399616430550668
Mike Conley,Points,-0.9998202966764802,1.9398261864081723
Mike Conley,Pts + Rebs + Asts,-0.9999835234233797,1.9399840594774105
Mike Conley,Assists,-0.9998394661764906,1.9398447432169632
Mike Conley,1Q Points,-0.9999818778706322,1.939982475098477
Naz Reid,Points,-0.9999864684682325,1.939986885767612
Naz Reid,Pts + Rebs + Asts,-0.9999950829752743,1.939995256487473
Naz Reid,1Q Points,-0.9998990470726858,1.9399023800893338
Naz Reid,1Q Pts + Rebs + Asts,-0.9999361854253948,1.9399383002489776
Shai Gilgeous-Alexander,Points,-0.9999967192739041,1.939996836330074
Shai Gilgeous-Alexander,Pts + Rebs + Asts,-0.999934733554619,1.939936897227235
Shai Gilgeous-Alexander,Assists,-0.9999500218768662,1.9399516503668564
Shai Gilgeous-Alexander,1Q Pts + Rebs + Asts,-0.9999600061843011,1.9399612974628326
Andrew Wiggins,Points,-0.9998184397211298,1.9398244119854644
Andrew Wiggins,Pts + Rebs + Asts,-0.9999891570978343,1.9399894999490153
Andrew Wiggins,Assists,-0.9999997619606878,1.9399997968990148
Andrew Wiggins,1Q Points,-0.9998909319344966,1.9398945134032692
Tyler Herro,Points,-0.9999081821434084,1.9399111788175651
Tyler Herro,Pts + Rebs + Asts,-0.9999991270797898,1.9399991400226975
Tyler Herro,Rebounds,-0.9999982030385922,1.9399982549860875
Tyler Herro,Assists,-0.9999958565755606,1.9399959813634904
Lu Dort,Points,-0.9997945581571548,1.9398012985501554
Lu Dort,Pts + Rebs + Asts,-0.9999630496490499,1.9399642584131287
Lu Dort,Rebounds,-0.9999913218250367,1.9399915980703735
Lu Dort,Assists,-0.9999977896311794,1.9399978795052992
Davion Mitchell,Points,-0.9999987854626409,1.9399987997332153
Davion Mitchell,Pts + Rebs + Asts,-0.9999998230435727,1.9399998268416054
Davion Mitchell,Assists,-0.9999632547443252,1.9399644453650762
Davion Mitchell,Rebounds,-0.9999950592161122,1.9399952448408249
Isaiah Joe,Points,-0.9999514116855426,1.9399530229660011
Isaiah Joe,Pts + Rebs + Asts,-0.9998666505997243,1.9398710311717877
Isaiah Joe,Rebounds,-0.9999617900937665,1.939963036078734
Isaiah Joe,Assists,-0.9999931273027051,1.9399933472589237
Isaiah Hartenstein,Points,-0.9998132373267435,1.9398193557557533
Isaiah Hartenstein,Pts + Rebs + Asts,-0.9999714138621857,1.9399723336098031
Isaiah Hartenstein,1Q Points,-0.9998434557486325,1.939848600020632
Isaiah Hartenstein,Assists,-0.9999000348479603,1.9399032963681384
Bam Adebayo,Points,-0.99995883235355,1.9399602035653152
Bam Adebayo,Pts + Rebs + Asts,-0.9999631641856104,1.9399644009735493
Bam Adebayo,1Q Points,-0.9999985128355797,1.9399985796774513
Bam Adebayo,1Q Pts + Rebs + Asts,-0.999977891619601,1.9399786199228037
Jalen Williams,Points,-0.9999371156508278,1.9399391883170756
Jalen Williams,Pts + Rebs + Asts,-0.999999877353186,1.9399998534639649
Jalen Williams,1Q Points,-0.9997618488810258,1.9397697098826756
Jalen Williams,Assists,-0.9999969520703053,1.9399970368610047
Alex Caruso,Points,-0.9999782202453389,1.9399789538439471
Alex Caruso,Pts + Rebs + Asts,-0.9999905450618098,1.939990871643895
Alex Caruso,Assists,-0.9998124720278428,1.9398186349490425
Alex Caruso,1Q Points,-0.9999574537921216,1.9399588364795273
Jaylin Williams,Points,-0.9999719275236566,1.8299748627013832
Jaylin Williams,Pts + Rebs + Asts,-0.9999960658225063,1.829996467504634
Jaylin Williams,Assists,-0.9999989198636399,1.8299990110463284
Jaylin Williams,Rebounds,-0.9999641778470686,1.8299679341361117
Aaron Wiggins,Points,-0.9999996867739577,1.8299996920244295
Aaron Wiggins,Pts + Rebs + Asts,-0.9999779301781746,1.8299802491243282
Aaron Wiggins,Assists,-0.9999921259209259,1.8299929323592279
Aaron Wiggins,Rebounds,-0.9999732537028467,1.8299760470455295
Kel'el Ware,Points,-0.9997863514279015,1.829808688311605
Kel'el Ware,Pts + Rebs + Asts,-0.9999810362898642,1.8299829908471112
Kel'el Ware,Assists,-0.9999945152176315,1.8299950977779509
Kel'el Ware,1Q Points,-0.9999954440354668,1.8299959351949928
Kenrich Williams,Points,-0.999942981981003,1.8299489137966158
Kenrich Williams,Pts + Rebs + Asts,-0.9997771803470096,1.8298004498347291
Kenrich Williams,Rebounds,-0.9998548044945346,1.8298699574239436
Kenrich Williams,Assists,-0.9999967792894586,1.8299971237404362
Cade Cunningham,Points,-0.9999826407426372,1.8299844669851337
Cade Cunningham,Pts + Rebs + Asts,-0.9999802808980894,1.829982315201669
Cade Cunningham,1Q Points,-0.9999868322442126,1.829988200093776
Cade Cunningham,1Q Pts + Rebs + Asts,-0.9999794388646115,1.8299815994443271
Coby White,Points,-0.9999968177420123,1.8299971415425444
Coby White,Pts + Rebs + Asts,-0.9999982894630284,1.8299984747489226
Coby White,Rebounds,-0.9999229889721027,1.8299310207077362
Coby White,1Q Pts + Rebs + Asts,-0.9999998127776257,1.829999831841218
Josh Giddey,Points,-0.9998769890519906,1.8298898428997201
Josh Giddey,Pts + Rebs + Asts,-0.9998200930422172,1.8298388946638444
Josh Giddey,Assists,-0.9998135002184426,1.8298329905691209
Josh Giddey,Rebounds,-0.9999696294260503,1.8299728209862225
Dennis Schroder,Points,-0.9999638051631337,1.829967598633739
Dennis Schroder,Pts + Rebs + Asts,-0.9999767793426508,1.8299792274395623
Dennis Schroder,Rebounds,-0.9999065910061472,1.8299163401439729
Dennis Schroder,Assists,-0.9998578261284274,1.8298726600366355
Ayo Dosunmu,Points,-0.9999750859163032,1.82997771011007
Ayo Dosunmu,Pts + Rebs + Asts,-0.9999179375408858,1.829926482074734
Ayo Dosunmu,Assists,-0.9999254039456719,1.829933198013896
Ayo Dosunmu,1Q Points,-0.999985895913851,1.8299873591987126
Malik Beasley,Points,-0.9999035996806924,1.8299136515629653
Malik Beasley,Pts + Rebs + Asts,-0.9999932783477016,1.8299939547806845
Malik Beasley,Assists,-0.999903996258945,1.829913998127522
Malik Beasley,Rebounds,-0.9998551719155512,1.8298702904897801
Nikola Vucevic,Points,-0.9999854960244192,1.8299870111012024
Nikola Vucevic,Pts + Rebs + Asts,-0.9999567163398023,1.82996122046432
Nikola Vucevic,Assists,-0.99995371926816,1.8299585292230405
Nikola Vucevic,1Q Pts + Rebs + Asts,-0.9998085971994441,1.829828602127236
Tobias Harris,Points,-0.9999960466083848,1.8299964586092075
Tobias Harris,Pts + Rebs + Asts,-0.9999321974258055,1.829939276486839
Tobias Harris,Rebounds,-0.9996585601876723,1.8296941995873932
Tobias Harris,1Q Points,-0.9999385394039564,1.8299449829675725
Ausar Thompson,Points,-0.999951180642529,1.8299562946705556
Ausar Thompson,Pts + Rebs + Asts,-0.999995445245604,1.8299959357552416
Ausar Thompson,1Q Points,-0.9999952656502501,1.8299957711274875
Ausar Thompson,Assists,-0.9999939667723265,1.8299945994228166
Jalen Duren,Points,-0.9999031584413024,1.8299132843219559
Jalen Duren,Pts + Rebs + Asts,-0.9999838329900013,1.829985507842048
Jalen Duren,Assists,-0.9999979846092765,1.8299981706494124
Jalen Duren,1Q Pts + Rebs + Asts,-0.9999647384318087,1.8299684381113548
Matas Buzelis,Points,-0.9999580218150368,1.8299623952233015
Matas Buzelis,Pts + Rebs + Asts,-0.9998791119080852,1.8298917220027944
Matas Buzelis,Assists,-0.9999992215744237,1.8299993136907609
Matas Buzelis,1Q Points,-0.999949656388344,1.829954937143266
Tim Hardaway Jr.,Points,-0.9999729016933998,1.829975721114679
Tim Hardaway Jr.,Pts + Rebs + Asts,-0.9999420296231983,1.8299480654814397
Tim Hardaway Jr.,Rebounds,-0.9998673417555983,1.8298812209891913
Tim Hardaway Jr.,1Q Points,-0.9999437238795508,1.8299495831951935
Zion Williamson,Points,-0.9999536106210144,1.829958478923436
Zion Williamson,Pts + Rebs + Asts,-0.99996588561924,1.829969458107189
Zion Williamson,Rebounds,-0.9999647185981303,1.8299684289290963
Zion Williamson,Assists,-0.9999587946211977,1.8299630789309596
Domantas Sabonis,Points,-0.9998132039990741,1.8298326904670104
Domantas Sabonis,Pts + Rebs + Asts,-0.9999828732731476,1.8299846561199047
Domantas Sabonis,1Q Points,-0.9998331294642412,1.8298505522856432
Domantas Sabonis,Assists,-0.9999811624785798,1.8299831307495698
CJ McCollum,Points,-0.9999859354574437,1.8299873775059314
CJ McCollum,Pts + Rebs + Asts,-0.9999948884047263,1.829995433513268
CJ McCollum,1Q Points,-0.999895061593852,1.8299060320659193
CJ McCollum,Assists,-0.9999336657936511,1.8299406081408234
Yves Missi,Points,-0.9999965894008165,1.8299969543472707
Yves Missi,Pts + Rebs + Asts,-0.9999321565679565,1.8299392575711682
Yves Missi,Rebounds,-0.9999480496862089,1.829953459963872
Yves Missi,Assists,-0.9999584284672892,1.8299627464517472
Malik Monk,Points,-0.9998112728726118,1.8298309816094116
Malik Monk,Pts + Rebs + Asts,-0.9999887296493943,1.8299898933396708
Malik Monk,1Q Points,-0.9999997514645309,1.829999803455526
Malik Monk,Assists,-0.9998866268715938,1.8298984604228463
Zach LaVine,Points,-0.9999045587138972,1.8299145029686044
Zach LaVine,Pts + Rebs + Asts,-0.99999909326232,1.8299991728052523
Zach LaVine,Assists,-0.9999981323965358,1.8299983205511967
Zach LaVine,1Q Points,-0.9999956934862894,1.8299961321632419
DeMar DeRozan,Points,-0.9997864493232919,1.829808733633545
DeMar DeRozan,Pts + Rebs + Asts,-0.9999615913547314,1.8299655959413577
DeMar DeRozan,Rebounds,-0.9999909796396241,1.829991912782898
DeMar DeRozan,Assists,-0.9999977016833509,1.8299979581834305
Keegan Murray,Points,-0.9999987385623558,1.829998845628792
Keegan Murray,Pts + Rebs + Asts,-0.9999998161405267,1.8299998333981167
Keegan Murray,1Q Points,-0.999961805008279,1.8299657763367942
Keegan Murray,Rebounds,-0.9999948632479664,1.82999542186662
Jose Alvarado,Points,-0.9999494931990921,1.8299547801109293
Jose Alvarado,Pts + Rebs + Asts,-0.9998613870478584,1.829875856763829
Jose Alvarado,Rebounds,-0.9999602822510496,1.8299644195025395
Jose Alvarado,1Q Points,-0.9999928562603054,1.829993596406339
Trey Murphy III,Points,-0.9998058661335381,1.8298261155185174
Trey Murphy III,Pts + Rebs + Asts,-0.999970286297248,1.8299733695385294
Trey Murphy III,1Q Points,-0.9998372765816748,1.8298542648460716
Trey Murphy III,1Q Pts + Rebs + Asts,-0.9998960899427766,1.8299069155621692
Kevin Durant,Points,-0.9999572066246037,1.8299616918932953
Kevin Durant,Pts + Rebs + Asts,-0.999961709122581,1.8299657319452673
Kevin Durant,Assists,-0.9999984534045643,1.8299986321295387
Kevin Durant,1Q Points,-0.9999770188776165,1.8299794198171366
Jalen Green,Points,-0.9999346332074492,1.8299414634263667
Jalen Green,Pts + Rebs + Asts,-0.9999998736448231,1.829999860020476
Jalen Green,Assists,-0.9997524470800999,1.8297783251380315
Jalen Green,Rebounds,-0.999996832384968,1.8299971483216906
Tyus Jones,Points,-0.999977359821969,1.8299797406252583
Tyus Jones,Pts + Rebs + Asts,-0.999990171209065,1.8299912125824631
Tyus Jones,1Q Points,-0.9998050698416773,1.8298254209378502
Tyus Jones,Assists,-0.9999557750205713,1.8299603772595947
Royce O'Neale,Points,-0.9997957372106612,1.9997957658488303
Royce O'Neale,Pts + Rebs + Asts,-0.999946752901451,1.9999467331745109
Royce O'Neale,Assists,-0.9997864633187419,1.9997864797405782
Royce O'Neale,Rebounds,-0.9999129473180801,1.9999129324660316
Mason Plumlee,Points,-0.9999350386024162,1.9999350645721279
Mason Plumlee,Pts + Rebs + Asts,-0.9999836021406736,1.9999835756293578
Mason Plumlee,Assists,-0.9999063366194605,1.9999063190589368
Mason Plumlee,Rebounds,-0.9999762331481179,1.9999762254474263
Bol Bol,Points,-0.9999284237383108,1.9999284490822902
Bol Bol,Pts + Rebs + Asts,-0.9999068452234496,1.9999068415818329
Bol Bol,Rebounds,-0.999964715083479,1.9999647443692083
Bol Bol,1Q Points,-0.9999385305782198,1.9999385092924058
Alperen Sengun,Points,-0.9999340536996897,1.9999340356789617
Alperen Sengun,Pts + Rebs + Asts,-0.999935056654067,1.9999350735979533
Alperen Sengun,Rebounds,-0.9999132666671358,1.9999132709544938
Alperen Sengun,Assists,-0.9999219896271825,1.9999220133759081
Dillon Brooks,Points,-0.9999417008802993,1.9999417037688545
Dillon Brooks,Pts + Rebs + Asts,-0.9998567422153428,1.9998567561269738
Dillon Brooks,Rebounds,-0.999878916554735,1.9998789297605981
Dillon Brooks,1Q Points,-0.9998688078921987,1.9998687792322016
Amen Thompson,Points,-0.9998337602955871,1.999833731668332
Amen Thompson,Pts + Rebs + Asts,-0.9998143706907285,1.999814380913449
Amen Thompson,1Q Pts + Rebs + Asts,-0.9999397816427518,1.999939760673442
Amen Thompson,Rebounds,-0.9999150384683162,1.9999150509247556
Tari Eason,Points,-0.9998791284524486,1.999879125116422
Tari Eason,Pts + Rebs + Asts,-0.999801854530233,1.9998018643454998
Tari Eason,Assists,-0.9999547012357652,1.9999547306551904
Tari Eason,1Q Points,-0.999930256872176,1.9999302597188944
Nick Richards,Points,-0.9998820050896029,1.9998819939464738
Nick Richards,Pts + Rebs + Asts,-0.9999139753672353,1.9999139829324122
Nick Richards,1Q Points,-0.9999617131579726,1.9999617234880134
Nick Richards,Assists,-0.9998923621606082,1.999892358086072
LeBron James,Points,-0.999931522343104,1.9999315183031285
LeBron James,Pts + Rebs + Asts,-0.9999144982175494,1.9999145125784707
LeBron James,1Q Points,-0.9998988377628848,1.999898814538028
LeBron James,Assists,-0.9999502750542888,1.999950282390273
Luka Doncic,Points,-0.9998966648417991,1.9998966551938793
Luka Doncic,Pts + Rebs + Asts,-0.9998846595117357,1.9998846622620476
Luka Doncic,1Q Pts + Rebs + Asts,-0.9999761697599752,1.999976193753355
Luka Doncic,Assists,-0.9997788543259958,1.9997788307446172
Austin Reaves,Points,-0.9999236680996546,1.9999236572748487
Austin Reaves,Pts + Rebs + Asts,-0.9999744402812212,1.9999744349443063
Austin Reaves,Rebounds,-0.999751845098217,1.9997518256786861
Austin Reaves,1Q Pts + Rebs + Asts,-0.9999197434553935,1.9999197279994405
Walker Kessler,Points,-0.9999617792036588,1.9999617565108565
Walker Kessler,Pts + Rebs + Asts,-0.999903851916315,1.9999038250098238
Walker Kessler,Assists,-0.9999542051446042,1.9999542143887084
Walker Kessler,Rebounds,-0.9999595591598336,1.999959573605338
John Collins,Points,-0.9999798335802552,1.9999798138028382
John Collins,Pts + Rebs + Asts,-0.9999655162901036,1.9999655026003893
John Collins,Assists,-0.9997450630762614,1.9997450372029562
John Collins,Rebounds,-0.99995047946868,1.9999504740044358
Jaxson Hayes,Points,-0.9998220866546035,1.9998220833949745
Jaxson Hayes,Pts + Rebs + Asts,-0.9999783928587931,1.9999783781863698
Jaxson Hayes,Assists,-0.9998045631655259,1.9998045597676537
Jaxson Hayes,1Q Points,-0.9998850216434221,1.9998850221418252
Lauri Markkanen,Points,-0.9996078713738825,1.9996078662079526
Lauri Markkanen,Pts + Rebs + Asts,-0.9998826778828516,1.9998826879709668
Lauri Markkanen,Assists,-0.9999053779611131,1.9999053926949273
Lauri Markkanen,Rebounds,-0.9999833544952708,1.9999833623996892
Keyonte George,Points,-0.9999497284879908,1.9999497408862226
Keyonte George,Pts + Rebs + Asts,-0.9997888733632863,1.9997888470534235
Keyonte George,1Q Pts + Rebs + Asts,-0.9999203034130915,1.999920276199191
Keyonte George,Rebounds,-0.9999268334759108,1.9999268492883857
Jordan Clarkson,Points,-0.9998762111063115,1.999876235931879
Jordan Clarkson,Pts + Rebs + Asts,-0.9998628461471526,1.9998628479297622
Jordan Clarkson,1Q Pts + Rebs + Asts,-0.9998838050305494,1.9998837879866187
Jordan Clarkson,Rebounds,-0.9998086113628233,1.9998086402265471
Rui Hachimura,Points,-0.9997528359817807,1.999752857562271
Rui Hachimura,Pts + Rebs + Asts,-0.9998995242713136,1.9998995154201111
Rui Hachimura,1Q Points,-0.9999363831193477,1.9999363626793638
Rui Hachimura,Assists,-0.9999401201566798,1.9999401087443403
Isaiah Collier,Points,-0.9999229711320368,1.999922951163171
Isaiah Collier,Pts + Rebs + Asts,-0.9998568944865838,1.9998569216695614
Isaiah Collier,Rebounds,-0.9998143977136351,1.9998143944249023
Isaiah Collier,Assists,-0.9999239946155285,1.99992399934672
Nikola Jokic,Points,-0.9998886208704789,1.9998886098946969
Nikola Jokic,Pts + Rebs + Asts,-0.9997313673957251,1.9997313944331836
Nikola Jokic,Assists,-0.9998453586886171,1.9998453423177125
Nikola Jokic,Rebounds,-0.9999702843815612,1.9999703006342315
Jamal Murray,Points,-0.9998564217603416,1.9998564170855389
Jamal Murray,Pts + Rebs + Asts,-0.9998857194950688,1.9998857286955172
Jamal Murray,1Q Points,-0.9998970543019823,1.9998970287379052
Jamal Murray,Rebounds,-0.9998539065491059,1.9998539077823807
Jerami Grant,Points,-0.9999274157671607,1.9999274086549121
Jerami Grant,Pts + Rebs + Asts,-0.9998753805120941,1.9998753735999344
Jerami Grant,Assists,-0.9998470555146923,1.9998470848004217
Jerami Grant,1Q Points,-0.9998301487794379,1.999830137770914
Deni Avdija,Points,-0.9999335176253226,1.9999334994208766
Deni Avdija,Pts + Rebs + Asts,-0.9998789830424357,1.9998789630044485
Deni Avdija,Assists,-0.9998563970293617,1.9998564047200489
Deni Avdija,Rebounds,-0.9999156581179705,1.9999156289704842
Donovan Clingan,Points,-0.9998876673053019,1.9998876860772725
Donovan Clingan,Pts + Rebs + Asts,-0.999948471042444,1.999948486314679
Donovan Clingan,1Q Points,-0.9998400143449544,1.9998399879368662
Donovan Clingan,Rebounds,-0.999942752863717,1.9999427662023663
Anfernee Simons,Points,-0.9999166556335695,1.9999166641700867
Anfernee Simons,Pts + Rebs + Asts,-0.9999307843245333,1.9999307916659745
Anfernee Simons,Assists,-0.9999826102030056,1.999982632625688
Anfernee Simons,Rebounds,-0.9999049949692562,1.9999050223850645
Michael Porter Jr.,Points,-0.9998807545489399,1.9998807428273722
Michael Porter Jr.,Pts + Rebs + Asts,-0.9999739007416792,1.9999738969536338
Michael Porter Jr.,1Q Points,-0.9999193800940702,1.9999193675048446
Michael Porter Jr.,Assists,-0.999947049698676,1.9999470603870577
Aaron Gordon,Points,-0.9999613993750245,1.999961387782605
Aaron Gordon,Pts + Rebs + Asts,-0.9998649567933171,1.9998649761364504
Aaron Gordon,Rebounds,-0.9999462177620444,1.999946197383906
Aaron Gordon,1Q Points,-0.9997891281964257,1.9997891532839276
Christian Braun,Points,-0.9999370085606643,1.9999370330278907
Christian Braun,Pts + Rebs + Asts,-0.9999450920258823,1.999945098074022
Christian Braun,Assists,-0.9999343528652389,1.9999343640756706
Christian Braun,1Q Points,-0.9999345298601838,1.9999345419801102
Toumani Camara,Points,-0.9998020352650201,1.9998020441198605
Toumani Camara,Pts + Rebs + Asts,-0.9998949815999367,1.9998950089102436
Toumani Camara,1Q Points,-0.9999283046417986,1.999928300127067
Toumani Camara,Rebounds,-0.9998212202699506,1.9998212031678122
Stephen Curry,Points,-0.9997446070919978,1.99974463039689
Stephen Curry,Pts + Rebs + Asts,-0.9999374185426859,1.9999374168328359
Stephen Curry,1Q Points,-0.9999106367395143,1.9999106148861756
Stephen Curry,Assists,-0.9999264817779476,1.9999264946254698
Draymond Green,Points,-0.9999184894331847,1.999918475139566
Draymond Green,Pts + Rebs + Asts,-0.9997615183820017,1.9997614902968053
Draymond Green,Rebounds,-0.9998927619235474,1.9998927367814758
Draymond Green,Assists,-0.999987856838743,1.9999878487456044
Klay Thompson,Points,-0.9998363927734317,1.9998363890117616
Klay Thompson,Pts + Rebs + Asts,-0.9998776558568352,1.999877673562878
Klay Thompson,1Q Points,-0.9999008811937529,1.999900909137068
Klay Thompson,Assists,-0.9998479926143773,1.9998480003851
Brandin Podziemski,Points,-0.9997060060122749,1.9997060179521213
Brandin Podziemski,Pts + Rebs + Asts,-0.9998839219333604,1.9998839358449914
Brandin Podziemski,1Q Points,-0.999834439739061,1.9998344290179375
Brandin Podziemski,Rebounds,-0.9999237794072542,1.9999238023356156
Dante Exum,Points,-0.9999179587102844,1.9999179415572144
Dante Exum,Pts + Rebs + Asts,-0.999893842075835,1.9998938132994226
Dante Exum,Rebounds,-0.9999916380697869,1.9999916169074368
Dante Exum,1Q Points,-0.9999397957253677,1.99993976771475
Jimmy Butler,Points,-0.99994586626417,1.9999458428210346
Jimmy Butler,Pts + Rebs + Asts,-0.9999903765233285,1.9999903602854374
Jimmy Butler,Rebounds,-0.9999281753007381,1.9999281460495695
Jimmy Butler,1Q Pts + Rebs + Asts,-0.9999236778057821,1.9999236621279124
Kyrie Irving,Points,-0.9999216377145785,1.9999216586056718
Kyrie Irving,Pts + Rebs + Asts,-0.9998642484060838,1.9998642643149651
Kyrie Irving,1Q Pts + Rebs + Asts,-0.999861771320866,1.999861774074816
Kyrie Irving,1Q Points,-0.9998966497369111,1.9998966476414353
PJ Washington,Points,-0.9999018018133938,1.9999018164817244
PJ Washington,Pts + Rebs + Asts,-0.9999712395729148,1.9999712252647441
PJ Washington,Assists,-0.9999384671573353,1.9999384775819635
PJ Washington,1Q Points,-0.9998731701853103,1.9998731955529365
Buddy Hield,Points,-0.9999004091223469,1.9999004048804636
Buddy Hield,Pts + Rebs + Asts,-0.999922793595033,1.999922772987702
Buddy Hield,1Q Points,-0.9999406856732094,1.9999406597235065
Buddy Hield,Rebounds,-0.9999321766044886,1.9999322030616895
Kawhi Leonard,Points,-0.9999477438541362,1.9999477650926565
Kawhi Leonard,Pts + Rebs + Asts,-0.9999477282290172,1.999947757280097
Kawhi Leonard,Rebounds,-0.9999054564905236,1.9999054319596326
Kawhi Leonard,Assists,-0.9999595405824948,1.9999595643166685
James Harden,Points,-0.9997836738039041,1.9997836544716847
James Harden,Pts + Rebs + Asts,-0.999920989612292,1.99992097692666
James Harden,1Q Points,-0.9998918084747856,1.9998918130222592
James Harden,Assists,-0.9997963413625257,1.999796336145664
Ivica Zubac,Points,-0.999945765674056,1.9999457925259776
Ivica Zubac,Pts + Rebs + Asts,-0.9999803534428793,1.9999803419550517
Ivica Zubac,1Q Pts + Rebs + Asts,-0.9999278069517459,1.999927783061139
Ivica Zubac,1Q Points,-0.9999229847890092,1.9999229579916573
Jaren Jackson Jr.,Points,-0.9999801087342348,1.9999801301937623
Jaren Jackson Jr.,1Q Pts + Rebs + Asts,-0.9998875263045193,1.999887526169914
Jaren Jackson Jr.,1H Points,-0.9998781938265893,1.9998782107686566
Jaren Jackson Jr.,1H Pts + Rebs + Asts,-0.999897876783507,1.9998978870135034
Jaren Jackson Jr.,Fantasy Points,-0.9999390125958598,1.9999390185221273
Jaylen Wells,Rebounds,-0.9998900554710417,1.9998900424507156
Ja Morant,Points,-0.9999146702066355,1.999914687979981
Ja Morant,Pts + Rebs + Asts,-0.9999263545723807,1.9999263416157191
Ja Morant,Assists,-0.9999501457205042,1.9999501283164136
Ja Morant,Rebounds,-0.9999297606445907,1.9999297433842003
Desmond Bane,1Q Pts + Rebs + Asts,-0.9999713906527177,1.9999713902116127
Desmond Bane,Points in First 5 Min.,-0.9999708578361606,1.9999708555824327
Desmond Bane,Pts+Reb+Ast in First 5 Min.,-0.9999065371594043,1.9999065087358758
Desmond Bane,Rebounds + Assists,-0.9998251600336516,1.9998251400029403
Derrick Jones Jr.,Points,-0.9999009448292782,1.9999009409548307
Derrick Jones Jr.,Pts + Rebs + Asts,-0.9999802989896125,1.9999803147284183
Derrick Jones Jr.,Rebounds,-0.9999771471730128,1.9999771294947095
Derrick Jones Jr.,1Q Points,-0.9999224175408017,1.999922406146652
Norman Powell,Points,-0.9999903466773503,1.9999903453624484
Norman Powell,Pts + Rebs + Asts,-0.9998841312917648,1.9998841299311607
Norman Powell,1Q Pts + Rebs + Asts,-0.9999491962917091,1.9999492065671802
Norman Powell,Rebounds,-0.9999785127956784,1.9999785275617796
